,Link Pemenang
0,http://lpse.bakamla.go.id/eproc4/lelang/779713/peserta
1,http://lpse.bakamla.go.id/eproc4/lelang/777713/peserta
2,http://lpse.bakamla.go.id/eproc4/lelang/774713/peserta
3,http://lpse.bakamla.go.id/eproc4/lelang/773713/peserta
4,http://lpse.bakamla.go.id/eproc4/lelang/772713/peserta
5,http://lpse.bakamla.go.id/eproc4/lelang/771713/peserta
6,http://lpse.bakamla.go.id/eproc4/lelang/768713/peserta
7,http://lpse.bakamla.go.id/eproc4/lelang/767713/peserta
8,http://lpse.bakamla.go.id/eproc4/lelang/765713/peserta
9,http://lpse.bakamla.go.id/eproc4/lelang/764713/peserta
10,http://lpse.bakamla.go.id/eproc4/lelang/763713/peserta
11,http://lpse.bakamla.go.id/eproc4/lelang/761713/peserta
12,http://lpse.bakamla.go.id/eproc4/lelang/759713/peserta
13,http://lpse.bakamla.go.id/eproc4/lelang/756713/peserta
14,http://lpse.bakamla.go.id/eproc4/lelang/752713/peserta
15,http://lpse.bakamla.go.id/eproc4/lelang/750713/peserta
16,http://lpse.bakamla.go.id/eproc4/lelang/743713/peserta
17,http://lpse.bakamla.go.id/eproc4/lelang/734713/peserta
18,http://lpse.bakamla.go.id/eproc4/lelang/733713/peserta
19,http://lpse.bakamla.go.id/eproc4/lelang/725713/peserta
20,http://lpse.bakamla.go.id/eproc4/lelang/717713/peserta
21,http://lpse.bakamla.go.id/eproc4/lelang/716713/peserta
22,http://lpse.bakamla.go.id/eproc4/lelang/714713/peserta
23,http://lpse.bakamla.go.id/eproc4/lelang/713713/peserta
24,http://lpse.bakamla.go.id/eproc4/lelang/703713/peserta
25,http://lpse.bakamla.go.id/eproc4/lelang/677713/peserta
26,http://lpse.bakamla.go.id/eproc4/lelang/676713/peserta
27,http://lpse.bakamla.go.id/eproc4/lelang/674713/peserta
28,http://lpse.bakamla.go.id/eproc4/lelang/673713/peserta
29,http://lpse.bakamla.go.id/eproc4/lelang/672713/peserta
30,http://lpse.bakamla.go.id/eproc4/lelang/659713/peserta
31,http://lpse.bakamla.go.id/eproc4/lelang/657713/peserta
32,http://lpse.bakamla.go.id/eproc4/lelang/656713/peserta
33,http://lpse.bakamla.go.id/eproc4/lelang/655713/peserta
34,http://lpse.bakamla.go.id/eproc4/lelang/650713/peserta
35,http://lpse.bakamla.go.id/eproc4/lelang/644713/peserta
36,http://lpse.bakamla.go.id/eproc4/lelang/643713/peserta
37,http://lpse.bakamla.go.id/eproc4/lelang/641713/peserta
38,http://lpse.bakamla.go.id/eproc4/lelang/631713/peserta
39,http://lpse.bakamla.go.id/eproc4/lelang/627713/peserta
40,http://lpse.bakamla.go.id/eproc4/lelang/625713/peserta
41,http://lpse.bakamla.go.id/eproc4/lelang/622713/peserta
42,http://lpse.bakamla.go.id/eproc4/lelang/618713/peserta
43,http://lpse.bakamla.go.id/eproc4/lelang/615713/peserta
44,http://lpse.bakamla.go.id/eproc4/lelang/611713/peserta
45,http://lpse.bakamla.go.id/eproc4/lelang/610713/peserta
46,http://lpse.bakamla.go.id/eproc4/lelang/606713/peserta
47,http://lpse.bakamla.go.id/eproc4/lelang/598713/peserta
48,http://lpse.bakamla.go.id/eproc4/lelang/588713/peserta
49,http://lpse.bakamla.go.id/eproc4/lelang/582713/peserta
50,http://lpse.bakamla.go.id/eproc4/lelang/581713/peserta
51,http://lpse.bakamla.go.id/eproc4/lelang/580713/peserta
52,http://lpse.bakamla.go.id/eproc4/lelang/575713/peserta
53,http://lpse.bakamla.go.id/eproc4/lelang/571713/peserta
54,http://lpse.bakamla.go.id/eproc4/lelang/565713/peserta
55,http://lpse.bakamla.go.id/eproc4/lelang/553713/peserta
56,http://lpse.bakamla.go.id/eproc4/lelang/541713/peserta
57,http://lpse.bakamla.go.id/eproc4/lelang/540713/peserta
58,http://lpse.bakamla.go.id/eproc4/lelang/535713/peserta
59,http://lpse.bakamla.go.id/eproc4/lelang/533713/peserta
60,http://lpse.bakamla.go.id/eproc4/lelang/530713/peserta
61,http://lpse.bakamla.go.id/eproc4/lelang/529713/peserta
62,http://lpse.bakamla.go.id/eproc4/lelang/528713/peserta
63,http://lpse.bakamla.go.id/eproc4/lelang/527713/peserta
64,http://lpse.bakamla.go.id/eproc4/lelang/524713/peserta
65,http://lpse.bakamla.go.id/eproc4/lelang/520713/peserta
66,http://lpse.bakamla.go.id/eproc4/lelang/496713/peserta
67,http://lpse.bakamla.go.id/eproc4/lelang/494713/peserta
68,http://lpse.bakamla.go.id/eproc4/lelang/492713/peserta
69,http://lpse.bakamla.go.id/eproc4/lelang/491713/peserta
70,http://lpse.bakamla.go.id/eproc4/lelang/482713/peserta
71,http://lpse.bakamla.go.id/eproc4/lelang/479713/peserta
72,http://lpse.bakamla.go.id/eproc4/lelang/474713/peserta
73,http://lpse.bakamla.go.id/eproc4/lelang/473713/peserta
74,http://lpse.bakamla.go.id/eproc4/lelang/472713/peserta
75,http://lpse.bakamla.go.id/eproc4/lelang/471713/peserta
76,http://lpse.bakamla.go.id/eproc4/lelang/470713/peserta
77,http://lpse.bakamla.go.id/eproc4/lelang/458713/peserta
78,http://lpse.bakamla.go.id/eproc4/lelang/456713/peserta
79,http://lpse.bakamla.go.id/eproc4/lelang/455713/peserta
80,http://lpse.bakamla.go.id/eproc4/lelang/447713/peserta
81,http://lpse.bakamla.go.id/eproc4/lelang/433713/peserta
82,http://lpse.bakamla.go.id/eproc4/lelang/430713/peserta
83,http://lpse.bakamla.go.id/eproc4/lelang/428713/peserta
84,http://lpse.bakamla.go.id/eproc4/lelang/427713/peserta
85,http://lpse.bakamla.go.id/eproc4/lelang/426713/peserta
86,http://lpse.bakamla.go.id/eproc4/lelang/425713/peserta
87,http://lpse.bakamla.go.id/eproc4/lelang/424713/peserta
88,http://lpse.bakamla.go.id/eproc4/lelang/421713/peserta
89,http://lpse.bakamla.go.id/eproc4/lelang/420713/peserta
90,http://lpse.bakamla.go.id/eproc4/lelang/419713/peserta
91,http://lpse.bakamla.go.id/eproc4/lelang/417713/peserta
92,http://lpse.bakamla.go.id/eproc4/lelang/414713/peserta
93,http://lpse.bakamla.go.id/eproc4/lelang/413713/peserta
94,http://lpse.bakamla.go.id/eproc4/lelang/410713/peserta
95,http://lpse.bakamla.go.id/eproc4/lelang/400713/peserta
96,http://lpse.bakamla.go.id/eproc4/lelang/397713/peserta
97,http://lpse.bakamla.go.id/eproc4/lelang/396713/peserta
98,http://lpse.bakamla.go.id/eproc4/lelang/395713/peserta
99,http://lpse.bakamla.go.id/eproc4/lelang/394713/peserta
100,http://lpse.bakamla.go.id/eproc4/lelang/393713/peserta
101,http://lpse.bakamla.go.id/eproc4/lelang/386713/peserta
102,http://lpse.bakamla.go.id/eproc4/lelang/376713/peserta
103,http://lpse.bakamla.go.id/eproc4/lelang/375713/peserta
104,http://lpse.bakamla.go.id/eproc4/lelang/362713/peserta
105,http://lpse.bakamla.go.id/eproc4/lelang/361713/peserta
106,http://lpse.bakamla.go.id/eproc4/lelang/323713/peserta
107,http://lpse.bakamla.go.id/eproc4/lelang/314713/peserta
108,http://lpse.bakamla.go.id/eproc4/lelang/311713/peserta
109,http://lpse.bakamla.go.id/eproc4/lelang/295713/peserta
110,http://lpse.bakamla.go.id/eproc4/lelang/294713/peserta
111,http://lpse.bakamla.go.id/eproc4/lelang/287713/peserta
112,http://lpse.bakamla.go.id/eproc4/lelang/283713/peserta
113,http://lpse.bakamla.go.id/eproc4/lelang/282713/peserta
114,http://lpse.bakamla.go.id/eproc4/lelang/278713/peserta
115,http://lpse.bakamla.go.id/eproc4/lelang/277713/peserta
116,http://lpse.bakamla.go.id/eproc4/lelang/275713/peserta
117,http://lpse.bakamla.go.id/eproc4/lelang/274713/peserta
118,http://lpse.bakamla.go.id/eproc4/lelang/273713/peserta
119,http://lpse.bakamla.go.id/eproc4/lelang/272713/peserta
120,http://lpse.bakamla.go.id/eproc4/lelang/265713/peserta
121,http://lpse.bakamla.go.id/eproc4/lelang/263713/peserta
122,http://lpse.bakamla.go.id/eproc4/lelang/261713/peserta
123,http://lpse.bakamla.go.id/eproc4/lelang/260713/peserta
124,http://lpse.bakamla.go.id/eproc4/lelang/256713/peserta
125,http://lpse.bakamla.go.id/eproc4/lelang/251713/peserta
126,http://lpse.bakamla.go.id/eproc4/lelang/248713/peserta
127,http://lpse.bakamla.go.id/eproc4/lelang/246713/peserta
128,http://lpse.bakamla.go.id/eproc4/lelang/243713/peserta
129,http://lpse.bakamla.go.id/eproc4/lelang/242713/peserta
130,http://lpse.bakamla.go.id/eproc4/lelang/241713/peserta
131,http://lpse.bakamla.go.id/eproc4/lelang/240713/peserta
132,http://lpse.bakamla.go.id/eproc4/lelang/233713/peserta
133,http://lpse.bakamla.go.id/eproc4/lelang/231713/peserta
134,http://lpse.bakamla.go.id/eproc4/lelang/227713/peserta
135,http://lpse.bakamla.go.id/eproc4/lelang/226713/peserta
136,http://lpse.bakamla.go.id/eproc4/lelang/223713/peserta
137,http://lpse.bakamla.go.id/eproc4/lelang/221713/peserta
138,http://lpse.bakamla.go.id/eproc4/lelang/214713/peserta
139,http://lpse.bakamla.go.id/eproc4/lelang/212713/peserta
140,http://lpse.bakamla.go.id/eproc4/lelang/211713/peserta
141,http://lpse.bakamla.go.id/eproc4/lelang/209713/peserta
142,http://lpse.bakamla.go.id/eproc4/lelang/206713/peserta
143,http://lpse.bakamla.go.id/eproc4/lelang/205713/peserta
144,http://lpse.bakamla.go.id/eproc4/lelang/204713/peserta
145,http://lpse.bakamla.go.id/eproc4/lelang/198713/peserta
146,http://lpse.bakamla.go.id/eproc4/lelang/193713/peserta
147,http://lpse.bakamla.go.id/eproc4/lelang/190713/peserta
148,http://lpse.bakamla.go.id/eproc4/lelang/177713/peserta
149,http://lpse.bakamla.go.id/eproc4/lelang/176713/peserta
150,http://lpse.bakamla.go.id/eproc4/lelang/175713/peserta
151,http://lpse.bakamla.go.id/eproc4/lelang/174713/peserta
152,http://lpse.bakamla.go.id/eproc4/lelang/173713/peserta
153,http://lpse.bakamla.go.id/eproc4/lelang/172713/peserta
154,http://lpse.bakamla.go.id/eproc4/lelang/170713/peserta
155,http://lpse.bakamla.go.id/eproc4/lelang/169713/peserta
156,http://lpse.bakamla.go.id/eproc4/lelang/168713/peserta
157,http://lpse.bakamla.go.id/eproc4/lelang/167713/peserta
158,http://lpse.bakamla.go.id/eproc4/lelang/166713/peserta
159,http://lpse.bakamla.go.id/eproc4/lelang/164713/peserta
160,http://lpse.bakamla.go.id/eproc4/lelang/163713/peserta
161,http://lpse.bakamla.go.id/eproc4/lelang/161713/peserta
162,http://lpse.bakamla.go.id/eproc4/lelang/159713/peserta
163,http://lpse.bakamla.go.id/eproc4/lelang/158713/peserta
164,http://lpse.bakamla.go.id/eproc4/lelang/157713/peserta
165,http://lpse.bakamla.go.id/eproc4/lelang/155713/peserta
166,http://lpse.bakamla.go.id/eproc4/lelang/153713/peserta
167,http://lpse.bakamla.go.id/eproc4/lelang/152713/peserta
168,http://lpse.bakamla.go.id/eproc4/lelang/150713/peserta
169,http://lpse.bakamla.go.id/eproc4/lelang/149713/peserta
170,http://lpse.bakamla.go.id/eproc4/lelang/147713/peserta
171,http://lpse.bakamla.go.id/eproc4/lelang/146713/peserta
172,http://lpse.bakamla.go.id/eproc4/lelang/143713/peserta
173,http://lpse.bakamla.go.id/eproc4/lelang/142713/peserta
174,http://lpse.bakamla.go.id/eproc4/lelang/141713/peserta
175,http://lpse.bakamla.go.id/eproc4/lelang/139713/peserta
176,http://lpse.bakamla.go.id/eproc4/lelang/138713/peserta
177,http://lpse.bakamla.go.id/eproc4/lelang/136713/peserta
178,http://lpse.bakamla.go.id/eproc4/lelang/135713/peserta
179,http://lpse.bakamla.go.id/eproc4/lelang/134713/peserta
180,http://lpse.bakamla.go.id/eproc4/lelang/129713/peserta
181,http://lpse.bakamla.go.id/eproc4/lelang/123713/peserta
182,http://lpse.bakamla.go.id/eproc4/lelang/122713/peserta
183,http://lpse.bakamla.go.id/eproc4/lelang/120713/peserta
184,http://lpse.bakamla.go.id/eproc4/lelang/115713/peserta
185,http://lpse.bakamla.go.id/eproc4/lelang/113713/peserta
186,http://lpse.bakamla.go.id/eproc4/lelang/110713/peserta
187,http://lpse.bakamla.go.id/eproc4/lelang/106713/peserta
188,http://lpse.bakamla.go.id/eproc4/lelang/105713/peserta
189,http://lpse.bakamla.go.id/eproc4/lelang/102713/peserta
190,http://lpse.bakamla.go.id/eproc4/lelang/100713/peserta
191,http://lpse.bakamla.go.id/eproc4/lelang/97713/peserta
192,http://lpse.bakamla.go.id/eproc4/lelang/95713/peserta
193,http://lpse.bakamla.go.id/eproc4/lelang/92713/peserta
194,http://lpse.bakamla.go.id/eproc4/lelang/91713/peserta
195,http://lpse.bakamla.go.id/eproc4/lelang/90713/peserta
196,http://lpse.bakamla.go.id/eproc4/lelang/88713/peserta
197,http://lpse.bakamla.go.id/eproc4/lelang/87713/peserta
198,http://lpse.bakamla.go.id/eproc4/lelang/86713/peserta
199,http://lpse.bakamla.go.id/eproc4/lelang/85713/peserta
200,http://lpse.bakamla.go.id/eproc4/lelang/84713/peserta
201,http://lpse.bakamla.go.id/eproc4/lelang/83713/peserta
202,http://lpse.bakamla.go.id/eproc4/lelang/82713/peserta
203,http://lpse.bakamla.go.id/eproc4/lelang/81713/peserta
204,http://lpse.bakamla.go.id/eproc4/lelang/79713/peserta
205,http://lpse.bakamla.go.id/eproc4/lelang/78713/peserta
206,http://lpse.bakamla.go.id/eproc4/lelang/77713/peserta
207,http://lpse.bakamla.go.id/eproc4/lelang/76713/peserta
208,http://lpse.bakamla.go.id/eproc4/lelang/75713/peserta
209,http://lpse.bakamla.go.id/eproc4/lelang/70713/peserta
210,http://lpse.bakamla.go.id/eproc4/lelang/69713/peserta
211,http://lpse.bakamla.go.id/eproc4/lelang/68713/peserta
212,http://lpse.bakamla.go.id/eproc4/lelang/66713/peserta
213,http://lpse.bakamla.go.id/eproc4/lelang/62713/peserta
214,http://lpse.bakamla.go.id/eproc4/lelang/60713/peserta
215,http://lpse.bakamla.go.id/eproc4/lelang/58713/peserta
216,http://lpse.bakamla.go.id/eproc4/lelang/56713/peserta
217,http://lpse.bakamla.go.id/eproc4/lelang/55713/peserta
218,http://lpse.bakamla.go.id/eproc4/lelang/54713/peserta
219,http://lpse.bakamla.go.id/eproc4/lelang/53713/peserta
220,http://lpse.bakamla.go.id/eproc4/lelang/51713/peserta
221,http://lpse.bakamla.go.id/eproc4/lelang/50713/peserta
222,http://lpse.bakamla.go.id/eproc4/lelang/49713/peserta
223,http://lpse.bakamla.go.id/eproc4/lelang/48713/peserta
224,http://lpse.bakamla.go.id/eproc4/lelang/46713/peserta
225,http://lpse.bakamla.go.id/eproc4/lelang/44713/peserta
226,http://lpse.bakamla.go.id/eproc4/lelang/43713/peserta
227,http://lpse.bakamla.go.id/eproc4/lelang/38713/peserta
228,http://lpse.bakamla.go.id/eproc4/lelang/37713/peserta
229,http://lpse.bakamla.go.id/eproc4/lelang/36713/peserta
230,http://lpse.bakamla.go.id/eproc4/lelang/35713/peserta
231,http://lpse.bakamla.go.id/eproc4/lelang/34713/peserta
232,http://lpse.bakamla.go.id/eproc4/lelang/31713/peserta
233,http://lpse.bakamla.go.id/eproc4/lelang/29713/peserta
234,http://lpse.bakamla.go.id/eproc4/lelang/28713/peserta
235,http://lpse.bakamla.go.id/eproc4/lelang/27713/peserta
236,http://lpse.bakamla.go.id/eproc4/lelang/26713/peserta
237,http://lpse.bakamla.go.id/eproc4/lelang/25713/peserta
238,http://lpse.bakamla.go.id/eproc4/lelang/24713/peserta
239,http://lpse.bakamla.go.id/eproc4/lelang/23713/peserta
240,http://lpse.bakamla.go.id/eproc4/lelang/22713/peserta
241,http://lpse.bakamla.go.id/eproc4/lelang/21713/peserta
242,http://lpse.bakamla.go.id/eproc4/lelang/20713/peserta
243,http://lpse.bakamla.go.id/eproc4/lelang/19713/peserta
244,http://lpse.bakamla.go.id/eproc4/lelang/18713/peserta
245,http://lpse.bakamla.go.id/eproc4/lelang/17713/peserta
246,http://lpse.bakamla.go.id/eproc4/lelang/16713/peserta
247,http://lpse.bakamla.go.id/eproc4/lelang/15713/peserta
248,http://lpse.bakamla.go.id/eproc4/lelang/14713/peserta
249,http://lpse.bakamla.go.id/eproc4/lelang/13713/peserta
250,http://lpse.bakamla.go.id/eproc4/lelang/12713/peserta
251,http://lpse.bakamla.go.id/eproc4/lelang/11713/peserta
252,http://lpse.bakamla.go.id/eproc4/lelang/10713/peserta
253,http://lpse.bakamla.go.id/eproc4/lelang/9713/peserta
254,http://lpse.bakamla.go.id/eproc4/lelang/7713/peserta
255,http://lpse.bakamla.go.id/eproc4/lelang/5713/peserta
256,http://lpse.bakamla.go.id/eproc4/lelang/3713/peserta
257,http://lpse.bakamla.go.id/eproc4/lelang/2713/peserta
258,http://lpse.bakamla.go.id/eproc4/lelang/1713/peserta
