,Link Pengumuman
0,http://lpse.bakamla.go.id/eproc4/lelang/779713/pengumumanlelang
1,http://lpse.bakamla.go.id/eproc4/lelang/777713/pengumumanlelang
2,http://lpse.bakamla.go.id/eproc4/lelang/774713/pengumumanlelang
3,http://lpse.bakamla.go.id/eproc4/lelang/773713/pengumumanlelang
4,http://lpse.bakamla.go.id/eproc4/lelang/772713/pengumumanlelang
5,http://lpse.bakamla.go.id/eproc4/lelang/771713/pengumumanlelang
6,http://lpse.bakamla.go.id/eproc4/lelang/768713/pengumumanlelang
7,http://lpse.bakamla.go.id/eproc4/lelang/767713/pengumumanlelang
8,http://lpse.bakamla.go.id/eproc4/lelang/765713/pengumumanlelang
9,http://lpse.bakamla.go.id/eproc4/lelang/764713/pengumumanlelang
10,http://lpse.bakamla.go.id/eproc4/lelang/763713/pengumumanlelang
11,http://lpse.bakamla.go.id/eproc4/lelang/761713/pengumumanlelang
12,http://lpse.bakamla.go.id/eproc4/lelang/759713/pengumumanlelang
13,http://lpse.bakamla.go.id/eproc4/lelang/756713/pengumumanlelang
14,http://lpse.bakamla.go.id/eproc4/lelang/752713/pengumumanlelang
15,http://lpse.bakamla.go.id/eproc4/lelang/750713/pengumumanlelang
16,http://lpse.bakamla.go.id/eproc4/lelang/743713/pengumumanlelang
17,http://lpse.bakamla.go.id/eproc4/lelang/734713/pengumumanlelang
18,http://lpse.bakamla.go.id/eproc4/lelang/733713/pengumumanlelang
19,http://lpse.bakamla.go.id/eproc4/lelang/725713/pengumumanlelang
20,http://lpse.bakamla.go.id/eproc4/lelang/717713/pengumumanlelang
21,http://lpse.bakamla.go.id/eproc4/lelang/716713/pengumumanlelang
22,http://lpse.bakamla.go.id/eproc4/lelang/714713/pengumumanlelang
23,http://lpse.bakamla.go.id/eproc4/lelang/713713/pengumumanlelang
24,http://lpse.bakamla.go.id/eproc4/lelang/703713/pengumumanlelang
25,http://lpse.bakamla.go.id/eproc4/lelang/677713/pengumumanlelang
26,http://lpse.bakamla.go.id/eproc4/lelang/676713/pengumumanlelang
27,http://lpse.bakamla.go.id/eproc4/lelang/674713/pengumumanlelang
28,http://lpse.bakamla.go.id/eproc4/lelang/673713/pengumumanlelang
29,http://lpse.bakamla.go.id/eproc4/lelang/672713/pengumumanlelang
30,http://lpse.bakamla.go.id/eproc4/lelang/659713/pengumumanlelang
31,http://lpse.bakamla.go.id/eproc4/lelang/657713/pengumumanlelang
32,http://lpse.bakamla.go.id/eproc4/lelang/656713/pengumumanlelang
33,http://lpse.bakamla.go.id/eproc4/lelang/655713/pengumumanlelang
34,http://lpse.bakamla.go.id/eproc4/lelang/650713/pengumumanlelang
35,http://lpse.bakamla.go.id/eproc4/lelang/644713/pengumumanlelang
36,http://lpse.bakamla.go.id/eproc4/lelang/643713/pengumumanlelang
37,http://lpse.bakamla.go.id/eproc4/lelang/641713/pengumumanlelang
38,http://lpse.bakamla.go.id/eproc4/lelang/631713/pengumumanlelang
39,http://lpse.bakamla.go.id/eproc4/lelang/627713/pengumumanlelang
40,http://lpse.bakamla.go.id/eproc4/lelang/625713/pengumumanlelang
41,http://lpse.bakamla.go.id/eproc4/lelang/622713/pengumumanlelang
42,http://lpse.bakamla.go.id/eproc4/lelang/618713/pengumumanlelang
43,http://lpse.bakamla.go.id/eproc4/lelang/615713/pengumumanlelang
44,http://lpse.bakamla.go.id/eproc4/lelang/611713/pengumumanlelang
45,http://lpse.bakamla.go.id/eproc4/lelang/610713/pengumumanlelang
46,http://lpse.bakamla.go.id/eproc4/lelang/606713/pengumumanlelang
47,http://lpse.bakamla.go.id/eproc4/lelang/598713/pengumumanlelang
48,http://lpse.bakamla.go.id/eproc4/lelang/588713/pengumumanlelang
49,http://lpse.bakamla.go.id/eproc4/lelang/582713/pengumumanlelang
50,http://lpse.bakamla.go.id/eproc4/lelang/581713/pengumumanlelang
51,http://lpse.bakamla.go.id/eproc4/lelang/580713/pengumumanlelang
52,http://lpse.bakamla.go.id/eproc4/lelang/575713/pengumumanlelang
53,http://lpse.bakamla.go.id/eproc4/lelang/571713/pengumumanlelang
54,http://lpse.bakamla.go.id/eproc4/lelang/565713/pengumumanlelang
55,http://lpse.bakamla.go.id/eproc4/lelang/553713/pengumumanlelang
56,http://lpse.bakamla.go.id/eproc4/lelang/541713/pengumumanlelang
57,http://lpse.bakamla.go.id/eproc4/lelang/540713/pengumumanlelang
58,http://lpse.bakamla.go.id/eproc4/lelang/535713/pengumumanlelang
59,http://lpse.bakamla.go.id/eproc4/lelang/533713/pengumumanlelang
60,http://lpse.bakamla.go.id/eproc4/lelang/530713/pengumumanlelang
61,http://lpse.bakamla.go.id/eproc4/lelang/529713/pengumumanlelang
62,http://lpse.bakamla.go.id/eproc4/lelang/528713/pengumumanlelang
63,http://lpse.bakamla.go.id/eproc4/lelang/527713/pengumumanlelang
64,http://lpse.bakamla.go.id/eproc4/lelang/524713/pengumumanlelang
65,http://lpse.bakamla.go.id/eproc4/lelang/520713/pengumumanlelang
66,http://lpse.bakamla.go.id/eproc4/lelang/496713/pengumumanlelang
67,http://lpse.bakamla.go.id/eproc4/lelang/494713/pengumumanlelang
68,http://lpse.bakamla.go.id/eproc4/lelang/492713/pengumumanlelang
69,http://lpse.bakamla.go.id/eproc4/lelang/491713/pengumumanlelang
70,http://lpse.bakamla.go.id/eproc4/lelang/482713/pengumumanlelang
71,http://lpse.bakamla.go.id/eproc4/lelang/479713/pengumumanlelang
72,http://lpse.bakamla.go.id/eproc4/lelang/474713/pengumumanlelang
73,http://lpse.bakamla.go.id/eproc4/lelang/473713/pengumumanlelang
74,http://lpse.bakamla.go.id/eproc4/lelang/472713/pengumumanlelang
75,http://lpse.bakamla.go.id/eproc4/lelang/471713/pengumumanlelang
76,http://lpse.bakamla.go.id/eproc4/lelang/470713/pengumumanlelang
77,http://lpse.bakamla.go.id/eproc4/lelang/458713/pengumumanlelang
78,http://lpse.bakamla.go.id/eproc4/lelang/456713/pengumumanlelang
79,http://lpse.bakamla.go.id/eproc4/lelang/455713/pengumumanlelang
80,http://lpse.bakamla.go.id/eproc4/lelang/447713/pengumumanlelang
81,http://lpse.bakamla.go.id/eproc4/lelang/433713/pengumumanlelang
82,http://lpse.bakamla.go.id/eproc4/lelang/430713/pengumumanlelang
83,http://lpse.bakamla.go.id/eproc4/lelang/428713/pengumumanlelang
84,http://lpse.bakamla.go.id/eproc4/lelang/427713/pengumumanlelang
85,http://lpse.bakamla.go.id/eproc4/lelang/426713/pengumumanlelang
86,http://lpse.bakamla.go.id/eproc4/lelang/425713/pengumumanlelang
87,http://lpse.bakamla.go.id/eproc4/lelang/424713/pengumumanlelang
88,http://lpse.bakamla.go.id/eproc4/lelang/421713/pengumumanlelang
89,http://lpse.bakamla.go.id/eproc4/lelang/420713/pengumumanlelang
90,http://lpse.bakamla.go.id/eproc4/lelang/419713/pengumumanlelang
91,http://lpse.bakamla.go.id/eproc4/lelang/417713/pengumumanlelang
92,http://lpse.bakamla.go.id/eproc4/lelang/414713/pengumumanlelang
93,http://lpse.bakamla.go.id/eproc4/lelang/413713/pengumumanlelang
94,http://lpse.bakamla.go.id/eproc4/lelang/410713/pengumumanlelang
95,http://lpse.bakamla.go.id/eproc4/lelang/400713/pengumumanlelang
96,http://lpse.bakamla.go.id/eproc4/lelang/397713/pengumumanlelang
97,http://lpse.bakamla.go.id/eproc4/lelang/396713/pengumumanlelang
98,http://lpse.bakamla.go.id/eproc4/lelang/395713/pengumumanlelang
99,http://lpse.bakamla.go.id/eproc4/lelang/394713/pengumumanlelang
100,http://lpse.bakamla.go.id/eproc4/lelang/393713/pengumumanlelang
101,http://lpse.bakamla.go.id/eproc4/lelang/386713/pengumumanlelang
102,http://lpse.bakamla.go.id/eproc4/lelang/376713/pengumumanlelang
103,http://lpse.bakamla.go.id/eproc4/lelang/375713/pengumumanlelang
104,http://lpse.bakamla.go.id/eproc4/lelang/362713/pengumumanlelang
105,http://lpse.bakamla.go.id/eproc4/lelang/361713/pengumumanlelang
106,http://lpse.bakamla.go.id/eproc4/lelang/323713/pengumumanlelang
107,http://lpse.bakamla.go.id/eproc4/lelang/314713/pengumumanlelang
108,http://lpse.bakamla.go.id/eproc4/lelang/311713/pengumumanlelang
109,http://lpse.bakamla.go.id/eproc4/lelang/295713/pengumumanlelang
110,http://lpse.bakamla.go.id/eproc4/lelang/294713/pengumumanlelang
111,http://lpse.bakamla.go.id/eproc4/lelang/287713/pengumumanlelang
112,http://lpse.bakamla.go.id/eproc4/lelang/283713/pengumumanlelang
113,http://lpse.bakamla.go.id/eproc4/lelang/282713/pengumumanlelang
114,http://lpse.bakamla.go.id/eproc4/lelang/278713/pengumumanlelang
115,http://lpse.bakamla.go.id/eproc4/lelang/277713/pengumumanlelang
116,http://lpse.bakamla.go.id/eproc4/lelang/275713/pengumumanlelang
117,http://lpse.bakamla.go.id/eproc4/lelang/274713/pengumumanlelang
118,http://lpse.bakamla.go.id/eproc4/lelang/273713/pengumumanlelang
119,http://lpse.bakamla.go.id/eproc4/lelang/272713/pengumumanlelang
120,http://lpse.bakamla.go.id/eproc4/lelang/265713/pengumumanlelang
121,http://lpse.bakamla.go.id/eproc4/lelang/263713/pengumumanlelang
122,http://lpse.bakamla.go.id/eproc4/lelang/261713/pengumumanlelang
123,http://lpse.bakamla.go.id/eproc4/lelang/260713/pengumumanlelang
124,http://lpse.bakamla.go.id/eproc4/lelang/256713/pengumumanlelang
125,http://lpse.bakamla.go.id/eproc4/lelang/251713/pengumumanlelang
126,http://lpse.bakamla.go.id/eproc4/lelang/248713/pengumumanlelang
127,http://lpse.bakamla.go.id/eproc4/lelang/246713/pengumumanlelang
128,http://lpse.bakamla.go.id/eproc4/lelang/243713/pengumumanlelang
129,http://lpse.bakamla.go.id/eproc4/lelang/242713/pengumumanlelang
130,http://lpse.bakamla.go.id/eproc4/lelang/241713/pengumumanlelang
131,http://lpse.bakamla.go.id/eproc4/lelang/240713/pengumumanlelang
132,http://lpse.bakamla.go.id/eproc4/lelang/233713/pengumumanlelang
133,http://lpse.bakamla.go.id/eproc4/lelang/231713/pengumumanlelang
134,http://lpse.bakamla.go.id/eproc4/lelang/227713/pengumumanlelang
135,http://lpse.bakamla.go.id/eproc4/lelang/226713/pengumumanlelang
136,http://lpse.bakamla.go.id/eproc4/lelang/223713/pengumumanlelang
137,http://lpse.bakamla.go.id/eproc4/lelang/221713/pengumumanlelang
138,http://lpse.bakamla.go.id/eproc4/lelang/214713/pengumumanlelang
139,http://lpse.bakamla.go.id/eproc4/lelang/212713/pengumumanlelang
140,http://lpse.bakamla.go.id/eproc4/lelang/211713/pengumumanlelang
141,http://lpse.bakamla.go.id/eproc4/lelang/209713/pengumumanlelang
142,http://lpse.bakamla.go.id/eproc4/lelang/206713/pengumumanlelang
143,http://lpse.bakamla.go.id/eproc4/lelang/205713/pengumumanlelang
144,http://lpse.bakamla.go.id/eproc4/lelang/204713/pengumumanlelang
145,http://lpse.bakamla.go.id/eproc4/lelang/198713/pengumumanlelang
146,http://lpse.bakamla.go.id/eproc4/lelang/193713/pengumumanlelang
147,http://lpse.bakamla.go.id/eproc4/lelang/190713/pengumumanlelang
148,http://lpse.bakamla.go.id/eproc4/lelang/177713/pengumumanlelang
149,http://lpse.bakamla.go.id/eproc4/lelang/176713/pengumumanlelang
150,http://lpse.bakamla.go.id/eproc4/lelang/175713/pengumumanlelang
151,http://lpse.bakamla.go.id/eproc4/lelang/174713/pengumumanlelang
152,http://lpse.bakamla.go.id/eproc4/lelang/173713/pengumumanlelang
153,http://lpse.bakamla.go.id/eproc4/lelang/172713/pengumumanlelang
154,http://lpse.bakamla.go.id/eproc4/lelang/170713/pengumumanlelang
155,http://lpse.bakamla.go.id/eproc4/lelang/169713/pengumumanlelang
156,http://lpse.bakamla.go.id/eproc4/lelang/168713/pengumumanlelang
157,http://lpse.bakamla.go.id/eproc4/lelang/167713/pengumumanlelang
158,http://lpse.bakamla.go.id/eproc4/lelang/166713/pengumumanlelang
159,http://lpse.bakamla.go.id/eproc4/lelang/164713/pengumumanlelang
160,http://lpse.bakamla.go.id/eproc4/lelang/163713/pengumumanlelang
161,http://lpse.bakamla.go.id/eproc4/lelang/161713/pengumumanlelang
162,http://lpse.bakamla.go.id/eproc4/lelang/159713/pengumumanlelang
163,http://lpse.bakamla.go.id/eproc4/lelang/158713/pengumumanlelang
164,http://lpse.bakamla.go.id/eproc4/lelang/157713/pengumumanlelang
165,http://lpse.bakamla.go.id/eproc4/lelang/155713/pengumumanlelang
166,http://lpse.bakamla.go.id/eproc4/lelang/153713/pengumumanlelang
167,http://lpse.bakamla.go.id/eproc4/lelang/152713/pengumumanlelang
168,http://lpse.bakamla.go.id/eproc4/lelang/150713/pengumumanlelang
169,http://lpse.bakamla.go.id/eproc4/lelang/149713/pengumumanlelang
170,http://lpse.bakamla.go.id/eproc4/lelang/147713/pengumumanlelang
171,http://lpse.bakamla.go.id/eproc4/lelang/146713/pengumumanlelang
172,http://lpse.bakamla.go.id/eproc4/lelang/143713/pengumumanlelang
173,http://lpse.bakamla.go.id/eproc4/lelang/142713/pengumumanlelang
174,http://lpse.bakamla.go.id/eproc4/lelang/141713/pengumumanlelang
175,http://lpse.bakamla.go.id/eproc4/lelang/139713/pengumumanlelang
176,http://lpse.bakamla.go.id/eproc4/lelang/138713/pengumumanlelang
177,http://lpse.bakamla.go.id/eproc4/lelang/136713/pengumumanlelang
178,http://lpse.bakamla.go.id/eproc4/lelang/135713/pengumumanlelang
179,http://lpse.bakamla.go.id/eproc4/lelang/134713/pengumumanlelang
180,http://lpse.bakamla.go.id/eproc4/lelang/129713/pengumumanlelang
181,http://lpse.bakamla.go.id/eproc4/lelang/123713/pengumumanlelang
182,http://lpse.bakamla.go.id/eproc4/lelang/122713/pengumumanlelang
183,http://lpse.bakamla.go.id/eproc4/lelang/120713/pengumumanlelang
184,http://lpse.bakamla.go.id/eproc4/lelang/115713/pengumumanlelang
185,http://lpse.bakamla.go.id/eproc4/lelang/113713/pengumumanlelang
186,http://lpse.bakamla.go.id/eproc4/lelang/110713/pengumumanlelang
187,http://lpse.bakamla.go.id/eproc4/lelang/106713/pengumumanlelang
188,http://lpse.bakamla.go.id/eproc4/lelang/105713/pengumumanlelang
189,http://lpse.bakamla.go.id/eproc4/lelang/102713/pengumumanlelang
190,http://lpse.bakamla.go.id/eproc4/lelang/100713/pengumumanlelang
191,http://lpse.bakamla.go.id/eproc4/lelang/97713/pengumumanlelang
192,http://lpse.bakamla.go.id/eproc4/lelang/95713/pengumumanlelang
193,http://lpse.bakamla.go.id/eproc4/lelang/92713/pengumumanlelang
194,http://lpse.bakamla.go.id/eproc4/lelang/91713/pengumumanlelang
195,http://lpse.bakamla.go.id/eproc4/lelang/90713/pengumumanlelang
196,http://lpse.bakamla.go.id/eproc4/lelang/88713/pengumumanlelang
197,http://lpse.bakamla.go.id/eproc4/lelang/87713/pengumumanlelang
198,http://lpse.bakamla.go.id/eproc4/lelang/86713/pengumumanlelang
199,http://lpse.bakamla.go.id/eproc4/lelang/85713/pengumumanlelang
200,http://lpse.bakamla.go.id/eproc4/lelang/84713/pengumumanlelang
201,http://lpse.bakamla.go.id/eproc4/lelang/83713/pengumumanlelang
202,http://lpse.bakamla.go.id/eproc4/lelang/82713/pengumumanlelang
203,http://lpse.bakamla.go.id/eproc4/lelang/81713/pengumumanlelang
204,http://lpse.bakamla.go.id/eproc4/lelang/79713/pengumumanlelang
205,http://lpse.bakamla.go.id/eproc4/lelang/78713/pengumumanlelang
206,http://lpse.bakamla.go.id/eproc4/lelang/77713/pengumumanlelang
207,http://lpse.bakamla.go.id/eproc4/lelang/76713/pengumumanlelang
208,http://lpse.bakamla.go.id/eproc4/lelang/75713/pengumumanlelang
209,http://lpse.bakamla.go.id/eproc4/lelang/70713/pengumumanlelang
210,http://lpse.bakamla.go.id/eproc4/lelang/69713/pengumumanlelang
211,http://lpse.bakamla.go.id/eproc4/lelang/68713/pengumumanlelang
212,http://lpse.bakamla.go.id/eproc4/lelang/66713/pengumumanlelang
213,http://lpse.bakamla.go.id/eproc4/lelang/62713/pengumumanlelang
214,http://lpse.bakamla.go.id/eproc4/lelang/60713/pengumumanlelang
215,http://lpse.bakamla.go.id/eproc4/lelang/58713/pengumumanlelang
216,http://lpse.bakamla.go.id/eproc4/lelang/56713/pengumumanlelang
217,http://lpse.bakamla.go.id/eproc4/lelang/55713/pengumumanlelang
218,http://lpse.bakamla.go.id/eproc4/lelang/54713/pengumumanlelang
219,http://lpse.bakamla.go.id/eproc4/lelang/53713/pengumumanlelang
220,http://lpse.bakamla.go.id/eproc4/lelang/51713/pengumumanlelang
221,http://lpse.bakamla.go.id/eproc4/lelang/50713/pengumumanlelang
222,http://lpse.bakamla.go.id/eproc4/lelang/49713/pengumumanlelang
223,http://lpse.bakamla.go.id/eproc4/lelang/48713/pengumumanlelang
224,http://lpse.bakamla.go.id/eproc4/lelang/46713/pengumumanlelang
225,http://lpse.bakamla.go.id/eproc4/lelang/44713/pengumumanlelang
226,http://lpse.bakamla.go.id/eproc4/lelang/43713/pengumumanlelang
227,http://lpse.bakamla.go.id/eproc4/lelang/38713/pengumumanlelang
228,http://lpse.bakamla.go.id/eproc4/lelang/37713/pengumumanlelang
229,http://lpse.bakamla.go.id/eproc4/lelang/36713/pengumumanlelang
230,http://lpse.bakamla.go.id/eproc4/lelang/35713/pengumumanlelang
231,http://lpse.bakamla.go.id/eproc4/lelang/34713/pengumumanlelang
232,http://lpse.bakamla.go.id/eproc4/lelang/31713/pengumumanlelang
233,http://lpse.bakamla.go.id/eproc4/lelang/29713/pengumumanlelang
234,http://lpse.bakamla.go.id/eproc4/lelang/28713/pengumumanlelang
235,http://lpse.bakamla.go.id/eproc4/lelang/27713/pengumumanlelang
236,http://lpse.bakamla.go.id/eproc4/lelang/26713/pengumumanlelang
237,http://lpse.bakamla.go.id/eproc4/lelang/25713/pengumumanlelang
238,http://lpse.bakamla.go.id/eproc4/lelang/24713/pengumumanlelang
239,http://lpse.bakamla.go.id/eproc4/lelang/23713/pengumumanlelang
240,http://lpse.bakamla.go.id/eproc4/lelang/22713/pengumumanlelang
241,http://lpse.bakamla.go.id/eproc4/lelang/21713/pengumumanlelang
242,http://lpse.bakamla.go.id/eproc4/lelang/20713/pengumumanlelang
243,http://lpse.bakamla.go.id/eproc4/lelang/19713/pengumumanlelang
244,http://lpse.bakamla.go.id/eproc4/lelang/18713/pengumumanlelang
245,http://lpse.bakamla.go.id/eproc4/lelang/17713/pengumumanlelang
246,http://lpse.bakamla.go.id/eproc4/lelang/16713/pengumumanlelang
247,http://lpse.bakamla.go.id/eproc4/lelang/15713/pengumumanlelang
248,http://lpse.bakamla.go.id/eproc4/lelang/14713/pengumumanlelang
249,http://lpse.bakamla.go.id/eproc4/lelang/13713/pengumumanlelang
250,http://lpse.bakamla.go.id/eproc4/lelang/12713/pengumumanlelang
251,http://lpse.bakamla.go.id/eproc4/lelang/11713/pengumumanlelang
252,http://lpse.bakamla.go.id/eproc4/lelang/10713/pengumumanlelang
253,http://lpse.bakamla.go.id/eproc4/lelang/9713/pengumumanlelang
254,http://lpse.bakamla.go.id/eproc4/lelang/7713/pengumumanlelang
255,http://lpse.bakamla.go.id/eproc4/lelang/5713/pengumumanlelang
256,http://lpse.bakamla.go.id/eproc4/lelang/3713/pengumumanlelang
257,http://lpse.bakamla.go.id/eproc4/lelang/2713/pengumumanlelang
258,http://lpse.bakamla.go.id/eproc4/lelang/1713/pengumumanlelang
