id_lpse;nama_lpse;url;versi;id_repo;lengkap;status;id_wilayah;kategori
744;LPSE Institut Teknologi Sumatera;http://lpse.itera.ac.id/eproc4;;744;1;1;;5
713;LPSE Badan Keamanan Laut;http://lpse.bakamla.go.id/eproc4;4.5u20220520;713;1;1;;2
524;LPSE Badan Meteorologi, Klimatologi dan Geofisika;https://lpse.bmkg.go.id/eproc4;4.5u20220721;524;1;1;;2
469;LPSE Badan Nasional Pencarian dan Pertolongan (BASARNAS);http://lpse.basarnas.go.id/eproc4;;#N/A;1;1;;2
158;LPSE Badan Perlindungan Pekerja Migran Indonesia;https://lpse.bp2mi.go.id/eproc4;4.5u20220719;158;1;1;;2
1049;LPSE Badan Riset dan Inovasi Nasional;https://lpse.brin.go.id/eproc4;4.4u20220509;760;1;1;;2
491;LPSE Badan Siber dan Sandi Negara;https://lpse.bssn.go.id/eproc4;4.5u20220708;491;1;1;;2
1040;LPSE Badan Kependudukan dan Keluarga Berencana Nasional (BKKBN);http://lpse.bkkbn.go.id/eproc4;4.5u20220420;130;1;1;;2
646;LPSE IAIN Bukittinggi;https://lpse.kemenag.go.id/eproc4;4.5u20220708;170;1;0;;5
403;LPSE Institut Agama Islam Negeri Raden Intan Lampung;https://lpse.kemenag.go.id/eproc4;4.5u20220708;170;1;0;;5
137;LPSE Institut Teknologi Bandung;https://lpse.itb.ac.id/eproc4;4.3u20191009;137;1;0;;5
68;LPSE Institut Teknologi Sepuluh Nopember;http://lpse.its.ac.id/eproc4;4.5u20220520;68;1;1;;5
651;LPSE Jasamarga;https://lpse.jasamarga.com/eproc4;4.5u20220216;651;1;1;;6
498;LPSE Kabupaten Aceh Barat;http://lpse.acehbaratkab.go.id/eproc4;4.5u20220520;498;1;1;;4
625;LPSE Kabupaten Aceh Barat Daya;http://lpse.acehbaratdayakab.go.id/eproc4;4.5u20220520;625;1;1;;4
426;LPSE Kabupaten Aceh Besar;http://lpse.acehbesarkab.go.id/eproc4;4.5u20220721;426;1;1;;4
628;LPSE Kabupaten Aceh Jaya;http://lpse.acehjayakab.go.id/eproc4;4.4u20220601;628;1;1;;4
460;LPSE Kabupaten Aceh Selatan;http://lpse.acehselatankab.go.id/eproc4;4.4u20220601;460;1;1;;4
508;LPSE Kabupaten Aceh Singkil;https://lpse.acehsingkilkab.go.id/eproc4;4.5u20220715;508;1;1;;4
505;LPSE Kabupaten Aceh Tamiang;https://lpse.acehtamiangkab.go.id/eproc4;4.4u20210715;505;1;1;;4
296;LPSE Kabupaten Aceh Tengah;http://lpse.acehtengahkab.go.id/eproc4;4.4u20211110;296;1;1;;4
330;LPSE Kabupaten Aceh Tenggara;http://lpse.acehtenggarakab.go.id/eproc4;4.4u20220601;330;1;1;;4
517;LPSE Kabupaten Aceh Timur;http://lpse.acehtimurkab.go.id/eproc4;4.5u20220620;517;1;1;;4
189;LPSE Kabupaten Aceh Utara;https://lpse.acehutara.go.id/eproc4;4.4u20220601;189;1;1;;4
645;LPSE Kabupaten Agam;http://lpse.agamkab.go.id/eproc4;4.5u20220708;645;1;1;;4
702;LPSE Kabupaten Alor;http://lpse.alorkab.go.id/eproc4;4.5u20220721;702;1;1;;4
407;LPSE Kabupaten Asahan;http://103.15.243.151/eproc4;4.5u20220708;407;1;1;;4
679;LPSE Kabupaten Asmat;http://lpse.asmatkab.go.id/eproc4;4.5u20220513;679;1;1;;4
113;LPSE Kabupaten Badung;http://lpse.badungkab.go.id/eproc4;4.5u20220721;113;1;1;;4
56;LPSE Kabupaten Balangan;https://lpse.balangankab.go.id/eproc4;4.5u20220801;56;1;1;;4
93;LPSE Kabupaten Bandung;http://lpse.bandungkab.go.id/eproc4;4.5u20220721;93;1;1;;4
703;LPSE Kabupaten Bandung Barat;http://lpse.bandungbaratkab.go.id/eproc4;4.5u20220715;703;1;1;;4
456;LPSE Kabupaten Banggai;http://lpse.banggaikab.go.id/eproc4;4.5u20220721;456;1;1;;4
626;LPSE Kabupaten Banggai Kepulauan;http://lpse.banggaikep.go.id/eproc4;4.5u20220613;626;1;1;;4
738;LPSE Kabupaten Banggai Laut;http://lpse.banggailautkab.go.id/eproc4;4.5u20220721;738;1;1;;4
31;LPSE Kabupaten Bangka;https://lpse.bangka.go.id/eproc4;4.5u20220721;31;1;1;;4
340;LPSE Kabupaten Bangka Barat;https://lpse.bangkabaratkab.go.id/eproc4;4.5u20220801;340;1;1;;4
369;LPSE Kabupaten Bangka Selatan;https://lpse.bangkaselatankab.go.id/eproc4;4.4u20220525;369;1;1;;4
139;LPSE Kabupaten Bangka Tengah;https://lpse.bangkatengahkab.go.id/eproc4;4.5u20220721;139;1;1;;4
500;LPSE Kabupaten Bangkalan;https://lpse.bangkalankab.go.id/eproc4;4.5u20220705;500;1;1;;4
553;LPSE Kabupaten Bangli;http://lpse.banglikab.go.id/eproc4;4.4u20220324;553;1;1;;4
197;LPSE Kabupaten Banjar;https://lpse.banjarkab.go.id/eproc4;4.5u20220708;197;1;1;;4
129;LPSE Kabupaten Banjarnegara;http://lpse.banjarnegarakab.go.id/eproc4;4.5u20220801;129;1;1;;4
630;LPSE Kabupaten Bantaeng;http://lpse.bantaengkab.go.id/eproc4;4.5u20220613;630;1;1;;4
285;LPSE Kabupaten Bantul;http://lpse.bantulkab.go.id/eproc4;4.4u20220601;285;1;1;;4
153;LPSE Kabupaten Banyuasin;http://lpse.banyuasinkab.go.id/eproc4;4.5u20220708;153;1;1;;4
60;LPSE Kabupaten Banyumas;http://lpse.banyumaskab.go.id/eproc4;4.5u20220801-CA;60;1;1;;4
72;LPSE Kabupaten Banyuwangi;https://lpse.banyuwangikab.go.id/eproc4;4.4u20220601;72;1;1;;4
270;LPSE Kabupaten Barito Kuala;https://lpse.baritokualakab.go.id/eproc4;4.5u20220801;270;1;1;;4
353;LPSE Kabupaten Barito Selatan;https://lpse.baritoselatankab.go.id/eproc4;4.4u20210715;353;1;1;;4
392;LPSE Kabupaten Barito Timur;http://lpse.baritotimurkab.go.id/eproc4;4.5u20220426;392;1;1;;4
458;LPSE Kabupaten Barito Utara;https://lpse.baritoutarakab.go.id/eproc4;4.5u20220426;458;1;1;;4
619;LPSE Kabupaten Barru;http://lpse.barrukab.go.id/eproc4;4.5u20220715;619;0;1;;4
209;LPSE Kabupaten Batang;http://lpse.batangkab.go.id/eproc4;4.5u20220721;209;1;1;;4
226;LPSE Kabupaten Batanghari;http://lpse.batangharikab.go.id/eproc4;4.5u20220426;226;1;1;;4
676;LPSE Kabupaten Batu Bara;https://lpse.batubarakab.go.id/eproc4;4.4u20220509;676;1;1;;4
352;LPSE Kabupaten Bekasi;https://lpse.bekasikab.go.id/eproc4;4.5u20220705;352;0;1;;4
258;LPSE Kabupaten Belitung;https://lpse.belitung.go.id/eproc4;4.5u20220708;258;1;1;;4
179;LPSE Kabupaten Belitung Timur;https://lpse.belitungtimurkab.go.id/eproc4;4.5u20220708;179;1;1;;4
374;LPSE Kabupaten Belu;http://lpse.belukab.go.id/eproc4;4.5u20220623;374;1;1;;4
592;LPSE Kabupaten Bener Meriah;http://203.130.195.99/eproc4;4.5u20220708;592;1;1;;4
161;LPSE Kabupaten Bengkalis;http://lpse.bengkaliskab.go.id/eproc4;4.5u20220721;161;1;1;;4
444;LPSE Kabupaten Bengkayang;http://lpse.bengkayangkab.go.id/eproc4;4.5u20220414;444;1;1;;4
320;LPSE Kabupaten Bengkulu Selatan;http://lpse.bengkuluselatankab.go.id/eproc4;4.5u20220620;320;1;1;;4
515;LPSE Kabupaten Bengkulu Tengah;http://lpse.bengkulutengahkab.go.id/eproc4;4.5u20220804;515;1;1;;4
238;LPSE Kabupaten Bengkulu Utara;https://lpse.bengkuluutarakab.go.id/eproc4;4.4u20211027;238;1;1;;4
43;LPSE Kabupaten Berau;https://spse.beraukab.go.id/eproc4;4.4u20220601;43;1;1;;4
707;LPSE Kabupaten Biak Numfor;https://lpse.biakkab.go.id/eproc4;4.4u20220601;707;1;1;;4
539;LPSE Kabupaten Bima;http://lpse.bimakab.go.id/eproc4;4.5u20220705;539;1;1;;4
495;LPSE Kabupaten Bintan;https://lpse.bintankab.go.id/eproc4;4.5u20220721;495;1;1;;4
514;LPSE Kabupaten Bireuen;https://lpse.bireuenkab.go.id/eproc4;4.4u20220601;514;1;1;;4
203;LPSE Kabupaten Blitar;http://lpse.blitarkab.go.id/eproc4;4.5u20220801;203;1;1;;4
257;LPSE Kabupaten Blora;https://lpse.blorakab.go.id/eproc4;4.5u20220721;257;1;1;;4
463;LPSE Kabupaten Boalemo;https://lpse.boalemokab.go.id/eproc4;4.5u20220721;463;0;1;;4
601;LPSE Kabupaten Bogor;https://lpse.bogorkab.go.id/eproc4;4.5u20220801;601;1;1;;4
244;LPSE Kabupaten Bojonegoro;http://lpse.bojonegorokab.go.id/eproc4;4.4u20220601;244;1;1;;4
475;LPSE Kabupaten Bolaang Mongondow;http://lpse.bolmongkab.go.id/eproc4;4.4u20210813;475;1;1;;4
552;LPSE Kabupaten Bolaang Mongondow Selatan;http://lpse.bolselkab.go.id/eproc4;4.5u20220520;552;1;1;;4
650;LPSE Kabupaten Bolaang Mongondow Timur;http://lpse.boltimkab.go.id/eproc4;4.5u20220719;650;1;1;;4
344;LPSE Kabupaten Bolaang Mongondow Utara;http://180.250.123.107/eproc4;4.5u20220613;344;1;1;;4
492;LPSE Kabupaten Bombana;http://lpse.bombanakab.go.id/eproc4;4.5u20220520;492;1;1;;4
472;LPSE Kabupaten Bondowoso;http://lpse.bondowosokab.go.id/eproc4;4.4u20220601;472;1;1;;4
566;LPSE Kabupaten Bone;http://lpse.bone.go.id/eproc4;4.5u20220708;566;1;1;;4
417;LPSE Kabupaten Bone Bolango;http://lpse.bonebolangokab.go.id/eproc4;4.4u20220601;417;1;1;;4
1054;LPSE Kabupaten Boven Digoel;https://lpse.bovendigoelkab.go.id/eproc4;4.5u20220708;782;0;1;;4
280;LPSE Kabupaten Boyolali;https://lpse.boyolali.go.id/eproc4;4.5u20220715;280;1;1;;4
148;LPSE Kabupaten Brebes;http://lpse.brebeskab.go.id/eproc4;4.5u20220708;148;1;1;;4
358;LPSE Kabupaten Buleleng;https://eproc.bulelengkab.go.id/eproc4;4.4u20220601;358;1;1;;4
292;LPSE Kabupaten Bulukumba;http://lpse.bulukumbakab.go.id/eproc4;4.5u20220513;292;1;1;;4
268;LPSE Kabupaten Bulungan;http://spse.bulungan.go.id/eproc4;4.4u20220601;268;1;1;;4
425;LPSE Kabupaten Bungo;http://lpse.bungokab.go.id/eproc4;4.5u20220426;425;1;1;;4
677;LPSE Kabupaten Buol;http://lpsebuolkab.org/eproc4;4.4u20220525;677;1;1;;4
697;LPSE Kabupaten Buru;http://103.60.181.130/eproc4;4.5u20220602;697;1;1;;4
720;LPSE Kabupaten Buru Selatan;http://202.43.188.110/eproc4;4.5u20220513;720;1;1;;4
451;LPSE Kabupaten Buton;https://lpse.butonkab.go.id/eproc4;4.5u20220719;451;1;1;;4
719;LPSE Kabupaten Buton Selatan;https://lpse.butonselatankab.go.id/eproc4;4.5u20220620;719;1;1;;4
728;LPSE Kabupaten Buton Tengah;http://lpse.butontengahkab.go.id/eproc4;4.4u20211116;728;1;1;;4
623;LPSE Kabupaten Buton Utara;http://lpse.butonutarakab.go.id/eproc4;4.5u20220620;623;1;1;;4
672;LPSE Kabupaten Ciamis;https://lpse.ciamiskab.go.id/eproc4;4.4u20220601;672;1;1;;4
418;LPSE Kabupaten Cianjur;http://lpse.cianjurkab.go.id/eproc4;4.5u20220801;418;1;1;;4
286;LPSE Kabupaten Cilacap;https://lpse.cilacapkab.go.id/eproc4;4.4u20220420;286;1;1;;4
398;LPSE Kabupaten Cirebon;http://lpse.cirebonkab.go.id/eproc4;4.5u20220628;398;1;1;;4
462;LPSE Kabupaten Dairi;https://lpse.dairikab.go.id/eproc4;4.5u20220721;462;1;1;;4
745;LPSE Kabupaten Deiyai;http://103.170.105.24/eproc4;4.5u20220715;745;1;1;;4
549;LPSE Kabupaten Deli Serdang;https://lpse.deliserdangkab.go.id/eproc4;4.5u20220721;549;1;1;;4
423;LPSE Kabupaten Demak;https://lpse.demakkab.go.id/eproc4;4.4u20220601;423;1;1;;4
443;LPSE Kabupaten Dharmasraya;http://lpse.dharmasrayakab.go.id/eproc4;4.4u20210907;443;1;1;;4
751;LPSE Kabupaten Dogiyai;http://36.89.9.190/eproc4;4.3u20190513;751;1;0;;4
479;LPSE Kabupaten Dompu;https://lpse.dompukab.go.id/eproc4;4.5u20220721;479;1;1;;4
242;LPSE Kabupaten Donggala;http://lpse.donggala.go.id/eproc4;4.5u20220708;242;1;1;;4
585;LPSE Kabupaten Empat Lawang;https://lpse.empatlawangkab.go.id/eproc4;4.5u20220708;585;1;1;;4
135;LPSE Kabupaten Ende;http://lpse.endekab.go.id/eproc4;4.4u20220601;135;1;1;;4
231;LPSE Kabupaten Enrekang;http://lpse.enrekangkab.go.id/eproc4;4.4u20210221;231;1;1;;4
559;LPSE Kabupaten Fakfak;http://103.131.61.7/eproc4;4.4u20220601;559;1;1;;4
631;LPSE Kabupaten Flores Timur;http://103.131.61.17/eproc4;4.5u20220705;631;0;1;;4
1007;LPSE Kabupaten Garut;https://lpse.jabarprov.go.id/eproc4;4.5u20220721;14;1;1;;4
497;LPSE Kabupaten Gayo Lues;https://lpse.gayolueskab.go.id/eproc4;4.5u20220705;497;0;1;;4
350;LPSE Kabupaten Gianyar;https://lpse.gianyarkab.go.id/eproc4;4.5u20220721;350;1;1;;4
606;LPSE Kabupaten Gorontalo;http://lpse.gorontalokab.go.id/eproc4;4.5u20220721;606;1;1;;4
452;LPSE Kabupaten Gorontalo Utara;http://lpse.gorutkab.go.id/eproc4;4.5u20220715;452;1;1;;4
644;LPSE Kabupaten Gowa;http://lpse.gowakab.go.id/eproc4;4.5u20220708;644;1;1;;4
122;LPSE Kabupaten Gresik;http://lpse.gresikkab.go.id/eproc4;4.5u20220705;122;1;1;;4
211;LPSE Kabupaten Grobogan;http://lpse.grobogan.go.id/eproc4;4.5u20220801;211;1;1;;4
621;LPSE Kabupaten Gunung Kidul;https://lpse.gunungkidulkab.go.id/eproc4;4.5u20220804;621;1;1;;4
379;LPSE Kabupaten Gunung Mas;https://lpse.gunungmaskab.go.id/eproc4;4.4u20220601;379;1;1;;4
698;LPSE Kabupaten Halmahera Barat;http://lpse.halbarkab.go.id/eproc4;4.5u20220207;698;1;1;;4
421;LPSE Kabupaten Halmahera Selatan;http://lpse.halmaheraselatankab.go.id/eproc4;4.5u20220721;421;1;1;;4
729;LPSE Kabupaten Halmahera Tengah;http://lpse.haltengkab.go.id/eproc4;4.5u20220708;729;1;1;;4
722;LPSE Kabupaten Halmahera Timur;http://lpse-haltimkab.go.id/eproc4;4.4u20220420;722;1;1;;4
233;LPSE Kabupaten Halmahera Utara;http://lpse.halmaherautarakab.go.id/eproc4;4.5u20220801;233;1;1;;4
282;LPSE Kabupaten Hulu Sungai Selatan;http://lpse.hulusungaiselatankab.go.id/eproc4;4.5u20220708;282;1;1;;4
315;LPSE Kabupaten Hulu Sungai Tengah;http://lpse.hulusungaitengahkab.go.id/eproc4;4.5u20220801;315;1;1;;4
85;LPSE Kabupaten Hulu Sungai Utara;http://lpse.hsu.go.id/eproc4;4.4u20220525;85;1;1;;4
420;LPSE Kabupaten Humbang Hasundutan;http://lpse.humbanghasundutankab.go.id/eproc4;4.4u20210715;420;1;1;;4
165;LPSE Kabupaten Indragiri Hilir;http://lpse.inhilkab.go.id/eproc4;4.4u20210715;165;1;1;;4
376;LPSE Kabupaten Indragiri Hulu;http://lpse.inhukab.go.id/eproc4;4.4u20220525;376;1;1;;4
589;LPSE Kabupaten Indramayu;http://lpse.indramayukab.go.id/eproc4;4.5u20220801;589;1;1;;4
742;LPSE Kabupaten Intan Jaya;http://103.100.247.141/eproc4;4.4u20220601;742;1;1;;4
647;LPSE Kabupaten Jayapura;https://lpse.jayapurakab.go.id/eproc4;4.5u20220620;647;1;1;;4
307;LPSE Kabupaten Jayawijaya;https://lpse.jayawijayakab.go.id/eproc4;4.4u20220324;307;1;1;;4
200;LPSE Kabupaten Jember;http://lpse.jemberkab.go.id/eproc4;4.5u20220613;200;1;1;;4
167;LPSE Kabupaten Jembrana;https://lpse.jembranakab.go.id/eproc4;4.5u20220719;167;1;1;;4
466;LPSE Kabupaten Jeneponto;https://lpse.jenepontokab.go.id/eproc4;4.4u20220601;466;1;1;;4
182;LPSE Kabupaten Jepara;https://lpse.jepara.go.id/eproc4;4.5u20220721-CA;182;1;1;;4
116;LPSE Kabupaten Jombang;http://lpse.jombangkab.go.id/eproc4;4.4u20211027;116;1;1;;4
736;LPSE Kabupaten Kaimana;http://lpse.kaimanakab.go.id/eproc4;4.5u20220407;736;1;1;;4
232;LPSE Kabupaten Kampar;https://lpse.kamparkab.go.id/eproc4;4.4u20220601;232;1;1;;4
322;LPSE Kabupaten Kapuas;http://lpse.kapuaskab.go.id/eproc4;4.5u20220520;322;1;1;;4
488;LPSE Kabupaten Kapuas Hulu;http://lpse.kapuashulukab.go.id/eproc4;4.5u20220520;488;1;1;;4
141;LPSE Kabupaten Karanganyar;http://lpse.karanganyarkab.go.id/eproc4;4.5u20220804-CA;141;1;1;;4
513;LPSE Kabupaten Karangasem;http://lpse.karangasemkab.go.id/eproc4;4.5u20220705;513;1;1;;4
727;LPSE Kabupaten Karawang;https://lpse.karawangkab.go.id/eproc4;4.5u20220705;727;0;1;;4
147;LPSE Kabupaten Karimun;http://lpsetbk.karimunkab.go.id/eproc4;4.5u20220715;147;1;1;;4
516;LPSE Kabupaten Karo;http://lpse.karokab.go.id/eproc4;4.5u20220715;516;1;1;;4
438;LPSE Kabupaten Katingan;http://lpse.katingankab.go.id/eproc4;4.5u20220708;438;1;1;;4
431;LPSE Kabupaten Kaur;https://lpse.kaurkab.go.id/eproc4;4.4u20220324;431;1;1;;4
393;LPSE Kabupaten Kayong Utara;http://lpse.kayongutarakab.go.id/eproc4;4.4u20220601;393;1;1;;4
53;LPSE Kabupaten Kebumen;https://lpse.kebumenkab.go.id/eproc4;4.4u20220324;53;1;1;;4
207;LPSE Kabupaten Kediri;http://lpse.kedirikab.go.id/eproc4;4.5u20220721;207;1;1;;4
648;LPSE Kabupaten Keerom;http://lpse.keeromkab.go.id/eproc4;4.4u20220601;648;1;1;;4
501;LPSE Kabupaten Kendal;https://lpse.kendalkab.go.id/eproc4;4.5u20220721;501;1;1;;4
377;LPSE Kabupaten Kepahiang;http://lpse.kepahiangkab.go.id/eproc4;4.5u20220719;377;1;1;;4
365;LPSE Kabupaten Kepulauan Anambas;http://lpse.anambaskab.go.id/eproc4;4.5u20220715;365;1;1;;4
674;LPSE Kabupaten Kepulauan Aru;http://lpse.kepulauanarukab.go.id/eproc4;4.4u20210715;674;1;1;;4
489;LPSE Kabupaten Kepulauan Mentawai;https://lpse.mentawaikab.go.id/eproc4;4.5u20220513;489;1;1;;4
506;LPSE Kabupaten Kepulauan Sangihe;http://lpse.sangihekab.go.id/eproc4;4.5u20220801;506;1;1;;4
570;LPSE Kabupaten Kepulauan Selayar;http://lpse.kepulauanselayarkab.go.id/eproc4;4.4u20211004;570;1;1;;4
1060;LPSE Kabupaten Kepulauan Tanimbar;http://lpse.tanimbar.go.id/eproc4;4.5u20220705;688;0;1;;4
737;LPSE Kabupaten Kepulauan Yapen;http://182.23.40.66/eproc4;4.4u20220525;737;1;1;;4
155;LPSE Kabupaten Kerinci;https://lpse.kerincikab.go.id/eproc4;4.5u20220513;155;1;1;;4
110;LPSE Kabupaten Ketapang;http://lpse.ketapangkab.go.id/eproc4;4.5u20220715;110;1;1;;4
51;LPSE Kabupaten Klaten;http://lpse.klaten.go.id/eproc4;4.5u20220801;51;1;1;;4
433;LPSE Kabupaten Klungkung;https://lpse.klungkungkab.go.id/eproc4;4.5u20220804;433;1;1;;4
474;LPSE Kabupaten Kolaka;https://lpse.kolakakab.go.id/eproc4;4.5u20220804;474;1;1;;4
733;LPSE Kabupaten Kolaka Timur;https://lpse.kolakatimurkab.go.id/eproc4;4.5u20220513;733;1;1;;4
620;LPSE Kabupaten Kolaka Utara;https://lpse.kolutkab.go.id/eproc4;4.5u20220602;620;1;1;;4
525;LPSE Kabupaten Konawe;http://lpse.konawekab.go.id/eproc4;4.5u20220708;525;1;1;;4
658;LPSE Kabupaten Konawe Kepulauan;http://lpse.konkepkab.net/eproc4;4.4u20210901;658;1;1;;4
430;LPSE Kabupaten Konawe Selatan;http://lpse.konaweselatankab.go.id/eproc4;4.5u20220509;430;1;1;;4
587;LPSE Kabupaten Konawe Utara;http://lpse.konaweutarakab.go.id/eproc4;4.5u20220414;587;1;1;;4
427;LPSE Kabupaten Kotabaru;https://lpse.kotabarukab.go.id/eproc4;4.5u20220525;427;1;1;;4
176;LPSE Kabupaten Kotawaringin Barat;http://lpse.kotawaringinbaratkab.go.id/eproc4;4.5u20220721;176;1;1;;4
183;LPSE Kabupaten Kotawaringin Timur;http://lpse.kotimkab.go.id/eproc4;4.5u20220801;183;1;1;;4
186;LPSE Kabupaten Kuantan Singingi;http://lpse.kuansing.go.id/eproc4;4.4u20220525;186;1;1;;4
188;LPSE Kabupaten Kuburaya;https://lpse.kuburayakab.go.id/eproc4;4.5u20220420;188;1;1;;4
94;LPSE Kabupaten Kudus;https://lpse.kuduskab.go.id/eproc4;4.5u20220804-CA;94;1;1;;4
367;LPSE Kabupaten Kulon Progo;http://lpse.kulonprogokab.go.id/eproc4;4.4u20220601;367;1;1;;4
339;LPSE Kabupaten Kuningan;http://lpse.kuningankab.go.id/eproc4;4.4u20220509;339;1;1;;4
551;LPSE Kabupaten Kupang;http://lpse.kupangkab.go.id/eproc4;4.5u20220721;551;1;1;;4
249;LPSE Kabupaten Kutai Barat;https://lpse.kutaibaratkab.go.id/eproc4;4.4u20220601;249;1;1;;4
198;LPSE Kabupaten Kutai Kartanegara;https://lpse.kukarkab.go.id/eproc4;4.5u20220721;198;1;1;;4
364;LPSE Kabupaten Kutai Timur;http://lpse.kutaitimurkab.go.id/eproc4;4.5u20220801;364;1;1;;4
412;LPSE Kabupaten Labuan Batu Selatan;https://lpse.labuhanbatuselatankab.go.id/eproc4;4.5u20220620;412;1;1;;4
481;LPSE Kabupaten Labuhan Batu;http://lpse.labuhanbatukab.go.id/eproc4;4.5u20220705;481;1;1;;4
604;LPSE Kabupaten Labuhan Batu Utara;http://34.101.253.122/eproc4;4.4u20220324;604;1;1;;4
434;LPSE Kabupaten Lahat;https://lpse.lahatkab.go.id/eproc4;4.5u20220721;434;1;1;;4
306;LPSE Kabupaten Lamandau;http://lpse.lamandaukab.go.id/eproc4;4.4u20210715;306;1;1;;4
57;LPSE Kabupaten Lamongan;http://lpse.lamongankab.go.id/eproc4;4.5u20220721;57;1;1;;4
305;LPSE Kabupaten Lampung Barat;https://lpse.lampungbaratkab.go.id/eproc4;4.5u20220310;305;1;1;;4
217;LPSE Kabupaten Lampung Selatan;https://spse.lkpp.go.id/eproc4;4.5u20220721;802;1;1;;4
237;LPSE Kabupaten Lampung Tengah;https://lpse.lampungtengahkab.go.id/eproc4;4.5u20220804;237;1;1;;4
166;LPSE Kabupaten Lampung Timur;https://spse.lkpp.go.id/eproc4;4.5u20220721;802;1;1;;4
328;LPSE Kabupaten Lampung Utara;https://lpse.lampungutarakab.go.id/eproc4;4.5u20220708;328;1;1;;4
496;LPSE Kabupaten Landak;http://lpse.landakkab.go.id/eproc4;4.4u20220420;496;1;1;;4
304;LPSE Kabupaten Langkat;https://lpse.langkatkab.go.id/eproc4;4.5u20220705;304;1;1;;4
741;LPSE Kabupaten Lanny Jaya;http://lpse-lannyjayakab.id/eproc4;4.5u20220721;741;0;1;;4
98;LPSE Kabupaten Lebak;https://lpse.lebakkab.go.id/eproc4;4.5u20220509;98;1;1;;4
239;LPSE Kabupaten Lebong;https://lpse.lebongkab.go.id/eproc4;4.5u20220623;239;1;1;;4
680;LPSE Kabupaten Lembata;http://lpse.lembatakab.go.id/eproc4;4.5u20220310;680;1;1;;4
610;LPSE Kabupaten Lima Puluh Kota;http://lpse.limapuluhkotakab.go.id/eproc4;4.5u20220715;610;1;1;;4
735;LPSE Kabupaten Lingga;https://lpse.linggakab.go.id/eproc4;4.5u20220620;735;1;1;;4
381;LPSE Kabupaten Lombok Barat;http://lpse.lombokbaratkab.go.id/eproc4;4.4u20211027;381;1;1;;4
120;LPSE Kabupaten Lombok Tengah;https://lpse.lomboktengahkab.go.id/eproc4;4.5u20220525;120;1;1;;4
395;LPSE Kabupaten Lombok Timur;http://lpse.lomboktimurkab.go.id/eproc4;4.4u20220601;395;1;1;;4
487;LPSE Kabupaten Lombok Utara;http://lpse.lombokutarakab.go.id/eproc4;4.4u20220113;487;1;1;;4
256;LPSE Kabupaten Lumajang;http://lpse.lumajangkab.go.id/eproc4;4.4u20220601;256;1;1;;4
502;LPSE Kabupaten Luwu;http://lpse.luwukab.go.id/eproc4;4.5u20220513;502;1;1;;4
422;LPSE Kabupaten Luwu Timur;https://lpse.luwutimurkab.go.id/eproc4;4.5u20220721;422;1;1;;4
45;LPSE Kabupaten Luwu Utara;http://lpse.luwuutarakab.go.id/eproc4;4.5u20220708;45;1;1;;4
204;LPSE Kabupaten Madiun;https://lpse.madiunkab.go.id/eproc4;4.4u20220601;204;1;1;;4
115;LPSE Kabupaten Magelang;http://lpse.magelangkab.go.id/eproc4;4.5u20220801;115;1;1;;4
255;LPSE Kabupaten Magetan;https://lpse.magetan.go.id/eproc4;4.5u20220801;255;0;1;;4
711;LPSE Kabupaten Mahakam Ulu;http://lpse.mahakamulukab.go.id/eproc4;4.4u20210907;711;1;1;;4
253;LPSE Kabupaten Majalengka;http://lpse.majalengkakab.go.id/eproc4;4.5u20220721;253;1;1;;4
400;LPSE Kabupaten Majene;https://lpse.majenekab.go.id/eproc4;4.5u20220520;400;1;1;;4
684;LPSE Kabupaten Malaka;http://lpse.malakakab.go.id/eproc4;4.5u20220801;684;1;1;;4
247;LPSE Kabupaten Malang;https://lpse.malangkab.go.id/eproc4;4.4u20220601;247;1;1;;4
321;LPSE Kabupaten Malinau;http://lpse.malinau.go.id/eproc4;4.5u20220705;321;1;1;;4
687;LPSE Kabupaten Maluku Barat Daya;http://lpse.malukubaratdayakab.go.id/eproc4;4.5u20220525;687;1;1;;4
721;LPSE Kabupaten Maluku Tengah;http://lpse.maltengkab.go.id/eproc4;4.5u20220620;721;1;1;;4
618;LPSE Kabupaten Maluku Tenggara;http://lpse.malukutenggarakab.go.id/eproc4;4.5u20220801;618;1;1;;4
688;LPSE Kabupaten Maluku Tenggara Barat;http://lpse.mtbkab.go.id/eproc4;4.5u20220705;688;1;1;;4
664;LPSE Kabupaten Mamasa;http://lpse.mamasakab.go.id/eproc4;4.5u20220708;664;1;1;;4
1037;LPSE Kabupaten Mamberamo Raya;https://lpse.mamberamorayakab.go.id/eproc4;4.5u20220801;734;1;1;;4
1034;LPSE Kabupaten Mamberamo Tengah;https://lpse.mamberamotengahkab.go.id/eproc4;4.5u20220715;712;1;1;;4
289;LPSE Kabupaten Mamuju;http://lpse.mamujukab.go.id/eproc4;4.5u20220401;289;1;1;;4
732;LPSE Kabupaten Mamuju Tengah;http://lpse.mamujutengahkab.go.id/eproc4;4.5u20220708;732;1;1;;4
373;LPSE Kabupaten Mandailing Natal;http://lpse.madina.go.id/eproc4;4.5u20220513;373;1;1;;4
633;LPSE Kabupaten Manggarai;https://lpse.manggaraikab.go.id/eproc4;4.5u20220721;633;1;1;;4
409;LPSE Kabupaten Manggarai Barat;https://lpse.manggaraibaratkab.go.id/eproc4;4.5u20220620;409;1;1;;4
461;LPSE Kabupaten Manggarai Timur;http://lpse.manggaraitimurkab.go.id/eproc4;4.5u20220628;461;1;1;;4
435;LPSE Kabupaten Manokwari;http://103.78.38.146/eproc4;4.5u20220708;435;1;1;;4
1063;LPSE Kabupaten Manokwari Selatan;http://lpse.manselkab.go.id/eproc4;4.5u20220715;784;1;1;;4
1048;LPSE Kabupaten Mappi;https://lpse.mappikab.go.id/eproc4;4.5u20220513;781;1;1;;4
250;LPSE Kabupaten Maros;http://lpse.maroskab.go.id/eproc4;4.5u20220721;250;1;1;;4
1045;LPSE Kabupaten Maybrat;http://lpse.maybratkab.go.id/eproc4;4.5u20220426;756;1;1;;4
540;LPSE Kabupaten Melawi;https://lpse.melawikab.go.id/eproc4;4.5u20220620;540;1;1;;4
118;LPSE Kabupaten Mempawah;http://lpse.mempawahkab.go.id/eproc4;4.5u20220708;118;1;1;;4
614;LPSE Kabupaten Merangin;http://lpse.meranginkab.go.id/eproc4;4.5u20220715;614;1;1;;4
459;LPSE Kabupaten Meranti;https://lpse.merantikab.go.id/eproc4;4.4u20220525;459;1;1;;4
271;LPSE Kabupaten Merauke;http://lpse.merauke.go.id/eproc4;4.5u20220804;271;1;1;;4
682;LPSE Kabupaten Mesuji;https://lpse.mesujikab.go.id/eproc4;4.5u20220721;682;1;1;;4
639;LPSE Kabupaten Mimika;https://lpse.mimikakab.go.id/eproc4;4.4u20220601;639;1;1;;4
406;LPSE Kabupaten Minahasa;http://lpse.minahasa.go.id/eproc4;4.5u20220721;406;1;1;;4
436;LPSE Kabupaten Minahasa Selatan;https://lpse.minselkab.go.id/eproc4;4.5u20220310;436;1;1;;4
284;LPSE Kabupaten Minahasa Tenggara;http://lpse.mitrakab.go.id/eproc4;4.5u20220708;284;1;1;;4
219;LPSE Kabupaten Minahasa Utara;http://lpse.minutkab.go.id/eproc4;4.5u20220420;219;1;1;;4
300;LPSE Kabupaten Mojokerto;http://lpse.mojokertokab.go.id/eproc4;4.5u20220715;300;1;1;;4
295;LPSE Kabupaten Morowali;https://lpse.morowalikab.go.id/eproc4;4.4u20220525;295;1;1;;4
678;LPSE Kabupaten Morowali Utara;http://lpse.morowaliutarakab.go.id/eproc4;4.4u20220601;678;1;1;;4
107;LPSE Kabupaten Muara Enim;https://lpse.muaraenimkab.go.id/eproc4;4.5u20220708;107;0;1;;4
269;LPSE Kabupaten Muaro Jambi;http://lpse.muarojambikab.go.id/eproc4;4.5u20220121;269;1;1;;4
348;LPSE Kabupaten Muko Muko;https://lpse.mukomukokab.go.id/eproc4;4.5u20220602;348;1;1;;4
441;LPSE Kabupaten Muna;http://lpse.munakab.go.id/eproc4;4.4u20211211;441;1;1;;4
1031;LPSE Kabupaten Muna Barat;https://lpse.munabaratkab.go.id/eproc4;4.5u20220705;689;1;1;;4
510;LPSE Kabupaten Murung Raya;http://lpse.murungrayakab.go.id/eproc4;4.5u20220801;510;1;1;;4
168;LPSE Kabupaten Musi Banyuasin;https://lpse.mubakab.go.id/eproc4;4.5u20220801;168;1;1;;4
311;LPSE Kabupaten Musi Rawas;http://lpse.musirawaskab.go.id/eproc4;4.5u20220801;311;1;1;;4
675;LPSE Kabupaten Musi Rawas Utara;http://lpse.muratarakab.go.id/eproc4;4.5u20220613;675;1;1;;4
725;LPSE Kabupaten Nabire;http://lpse.nabirekab.go.id/eproc4;4.5u20220708;725;1;1;;4
548;LPSE Kabupaten Nagan Raya;https://lpse.naganrayakab.go.id/eproc4;4.5u20220520;548;1;1;;4
666;LPSE Kabupaten Nagekeo;http://36.89.112.35/eproc4;4.5u20220719;666;1;1;;4
355;LPSE Kabupaten Natuna;https://lpse.natunakab.go.id/eproc4;4.5u20220705;355;1;1;;4
1055;LPSE Kabupaten NDuga;http://lpse.ndugakab.go.id/eproc4;4.5u20220609;783;1;1;;4
310;LPSE Kabupaten Ngada;http://lpse.ngadakab.go.id/eproc4;4.5u20220609;310;1;1;;4
152;LPSE Kabupaten Nganjuk;http://lpse.nganjukkab.go.id/eproc4;4.5u20220801;152;1;1;;4
78;LPSE Kabupaten Ngawi;https://lpse.ngawikab.go.id/eproc4;4.4u20220601;78;1;1;;4
593;LPSE Kabupaten Nias;http://lpse.niaskab.go.id/eproc4;4.5u20220620;593;1;1;;4
669;LPSE Kabupaten Nias Barat;http://lpse.niasbaratkab.go.id/eproc4;4.4u20220310;669;1;1;;4
567;LPSE Kabupaten Nias Selatan;https://lpse.niasselatankab.go.id/eproc4;4.5u20220721;567;1;1;;4
642;LPSE Kabupaten Nias Utara;http://lpse.niasutarakab.go.id/eproc4;4.5u20220715;642;1;1;;4
338;LPSE Kabupaten Nunukan;http://lpse.nunukankab.go.id/eproc4;4.5u20220804;338;1;1;;4
357;LPSE Kabupaten Ogan Ilir;http://lpse.oganilirkab.go.id/eproc4;4.4u20220601;357;1;1;;4
156;LPSE Kabupaten Ogan Komering Ilir;http://lpse.kaboki.go.id/eproc4;4.5u20220705;156;1;1;;4
401;LPSE Kabupaten Ogan Komering Ulu;http://lpse.okukab.go.id/eproc4;4.5u20220509;401;1;1;;4
343;LPSE Kabupaten Ogan Komering Ulu Selatan;http://lpse.okuselatankab.go.id/eproc4;4.5u20220715;343;1;1;;4
447;LPSE Kabupaten Ogan Komering Ulu Timur;http://lpse.okutimurkab.go.id/eproc4;4.5u20220715;447;1;1;;4
58;LPSE Kabupaten Pacitan;https://lpse.pacitankab.go.id/eproc4;4.4u20220420;58;1;1;;4
668;LPSE Kabupaten Padang Lawas;http://lpse.padanglawaskab.go.id/eproc4;4.5u20220801;668;1;1;;4
471;LPSE Kabupaten Padang Lawas Utara;http://lpse.padanglawasutarakab.go.id/eproc4;4.5u20220602;471;1;1;;4
717;LPSE Kabupaten Padang Pariaman;http://lpse.padangpariamankab.go.id/eproc4;4.5u20220721;717;1;1;;4
634;LPSE Kabupaten Pakpak Bharat;http://lpse.pakpakbharatkab.go.id/eproc4;4.5u20220310;634;1;1;;4
453;LPSE Kabupaten Pamekasan;https://lpse.pamekasankab.go.id/eproc4;4.4u20220601;453;1;1;;4
470;LPSE Kabupaten Pandeglang;http://lpse.pandeglangkab.go.id/eproc4;4.5u20220509;470;1;1;;4
1052;LPSE Kabupaten Pangandaran;https://lpse.jabarprov.go.id/eproc4;4.5u20220721;14;1;1;;4
509;LPSE Kabupaten Pangkajene dan Kepulauan;http://lpse.pangkepkab.go.id/eproc4;4.5u20220623;509;1;1;;4
149;LPSE Kabupaten Parigi Moutong;http://lpse.parigimoutongkab.go.id/eproc4;4.5u20220721;149;1;1;;4
223;LPSE Kabupaten Pasaman;http://lpse.pasamankab.go.id/eproc4;4.5u20220520;223;1;1;;4
301;LPSE Kabupaten Pasaman Barat;http://lpse.pasamanbaratkab.go.id/eproc4;4.5u20220613;301;1;1;;4
660;LPSE Kabupaten Pasangkayu;http://lpse.pasangkayukab.go.id/eproc4;4.5u20220216;660;1;1;;4
52;LPSE Kabupaten Paser;https://lpse.paserkab.go.id/eproc4;4.5u20220708;52;1;1;;4
380;LPSE Kabupaten Pasuruan;https://lpse.pasuruankab.go.id/eproc4;4.5u20220705;380;1;1;;4
334;LPSE Kabupaten Pati;http://lpsepatikab.org/eproc4;4.5u20220620;334;1;1;;4
785;LPSE Kabupaten Pegunungan Arfak;http://103.170.89.69/eproc4;4.5u20220715;785;1;1;;4
1044;LPSE Kabupaten Pegunungan Bintang;https://lpse.pegbintangkab.go.id/eproc4;4.5u20220708;754;1;1;;4
202;LPSE Kabupaten Pekalongan;https://lpse.pekalongankab.go.id/eproc4;4.5u20220801;202;1;1;;4
254;LPSE Kabupaten Pelalawan;http://lpse.pelalawankab.go.id/eproc4;4.4u20220601;254;1;1;;4
90;LPSE Kabupaten Pemalang;https://lpse.pemalangkab.go.id/eproc4;4.4u20220601;90;1;1;;4
264;LPSE Kabupaten Penajam Paser Utara;https://lpse.penajamkab.go.id/eproc4;4.4u20211216;264;1;1;;4
661;LPSE Kabupaten Penukal Abab Lematang Ilir;http://lpse.palikab.go.id/eproc4;4.5u20220719;661;1;1;;4
274;LPSE Kabupaten Pesawaran;http://lpse.pesawarankab.go.id/eproc4;4.5u20220509;274;1;1;;4
723;LPSE Kabupaten Pesisir Barat;https://lpse.pesisirbaratkab.go.id/eproc4;4.5u20220705;723;1;1;;4
599;LPSE Kabupaten Pesisir Selatan;http://lpse.pesisirselatankab.go.id/eproc4;4.5u20220420;599;1;1;;4
565;LPSE Kabupaten Pidie;http://lpse.pidiekab.go.id/eproc4;4.5u20220420;565;1;1;;4
595;LPSE Kabupaten Pidie Jaya;http://lpse.pidiekab.go.id/eproc4;4.5u20220420;565;1;1;;4
206;LPSE Kabupaten Pinrang;http://lpse.pinrangkab.go.id/eproc4;4.5u20220708;206;1;1;;4
325;LPSE Kabupaten Pohuwato;https://lpse.pohuwatokab.go.id/eproc4;4.4u20220525;325;1;1;;4
281;LPSE Kabupaten Polewali Mandar;http://lpse.polmankab.go.id/eproc4;4.5u20220721;281;1;1;;4
360;LPSE Kabupaten Ponorogo;https://lpse.ponorogo.go.id/eproc4;4.5u20220804;360;1;1;;4
586;LPSE Kabupaten Poso;https://lpse.posokab.go.id/eproc4;4.4u20220601;586;1;1;;4
337;LPSE Kabupaten Pringsewu;https://lpse.pringsewukab.go.id/eproc4;4.5u20220708;337;1;1;;4
319;LPSE Kabupaten Probolinggo;https://lpse.probolinggokab.go.id/eproc4;4.5u20220721;319;1;1;;4
483;LPSE Kabupaten Pulang Pisau;http://lpse.pulangpisaukab.go.id/eproc4;4.4u20220509;483;1;1;;4
477;LPSE Kabupaten Pulau Morotai;http://lpse.pulaumorotaikab.go.id/eproc4;4.5u20220708;477;1;1;;4
726;LPSE Kabupaten Pulau Taliabu;http://103.60.181.134/eproc4;4.5u20220708;726;1;1;;4
1042;LPSE Kabupaten Puncak;http://lpse.puncakkab.go.id/eproc4;4.4u20220525;755;1;1;;4
695;LPSE Kabupaten Puncak Jaya;http://lpse.puncakjayakab.go.id/eproc4;4.3u20191009;695;1;1;;4
140;LPSE Kabupaten Purbalingga;https://lpse.purbalinggakab.go.id/eproc4;4.5u20220801-CA;140;1;1;;4
667;LPSE Kabupaten Purwakarta;http://lpse.purwakartakab.go.id/eproc4;4.5u20220705;667;1;1;;4
146;LPSE Kabupaten Purworejo;https://lpse.purworejokab.go.id/eproc4;4.5u20220719;146;1;1;;4
607;LPSE Kabupaten Raja Ampat;https://lpse.rajaampatkab.go.id/eproc4;4.5u20220613;607;1;1;;4
390;LPSE Kabupaten Rejang Lebong;https://lpse.rejanglebongkab.go.id/eproc4;4.5u20220721;390;0;1;;4
375;LPSE Kabupaten Rembang;http://lpse.rembangkab.go.id/eproc4;4.4u20220601;375;1;1;;4
484;LPSE Kabupaten Rokan Hilir;https://lpse.rohilkab.go.id/eproc4;4.4u20220525;484;1;1;;4
283;LPSE Kabupaten Rokan Hulu;http://lpse.rokanhulukab.go.id/eproc4;4.5u20220407;283;1;1;;4
473;LPSE Kabupaten Rote Ndao;https://lpse.rotendaokab.go.id/eproc4;4.5u20220705;473;1;1;;4
617;LPSE Kabupaten Sabu Raijua;http://lpse.saburaijuakab.go.id/eproc4;4.5u20220509;617;1;1;;4
354;LPSE Kabupaten Sambas;http://lpse.sambas.go.id/eproc4;4.4u20220509;354;1;1;;4
342;LPSE Kabupaten Samosir;http://lpse.samosirkab.go.id/eproc4;4.5u20220708;342;1;1;;4
413;LPSE Kabupaten Sampang;http://lpse.sampangkab.go.id/eproc4;4.5u20220620;413;1;1;;4
298;LPSE Kabupaten Sanggau;http://lpse.sanggau.go.id/eproc4;4.5u20220801;298;1;1;;4
749;LPSE Kabupaten Sarmi;http://lpse.sarmikab.go.id/eproc4;4.5u20220420;749;1;1;;4
230;LPSE Kabupaten Sarolangun;https://lpse.sarolangunkab.go.id/eproc4;4.5u20220628;230;1;1;;4
175;LPSE Kabupaten Sekadau;http://lpse.sekadaukab.go.id/eproc4;4.5u20220721;175;1;1;;4
564;LPSE Kabupaten Seluma;https://lpse.selumakab.go.id/eproc4;4.5u20220705;564;0;1;;4
32;LPSE Kabupaten Semarang;http://lpse.semarangkab.go.id/eproc4;4.4u20220601;32;1;1;;4
706;LPSE Kabupaten Seram Bagian Barat;https://lpse.sbbkab.go.id/eproc4;4.5u20220620;706;1;1;;4
694;LPSE Kabupaten Seram Bagian Timur;http://lpse.serambagiantimurkab.go.id/eproc4;4.4u20211203;694;1;1;;4
245;LPSE Kabupaten Serang;http://lpse.serangkab.go.id/eproc4;4.4u20220601;245;1;1;;4
378;LPSE Kabupaten Serdang Bedagai;https://lpse.serdangbedagaikab.go.id/eproc4;4.5u20220708;378;1;1;;4
336;LPSE Kabupaten Seruyan;http://lpse.seruyankab.go.id/eproc4;4.5u20220708;336;0;1;;4
309;LPSE Kabupaten Siak;https://lpse.siakkab.go.id/eproc4;4.5u20220721;309;1;1;;4
294;LPSE Kabupaten Siau Tagulandang Biaro;http://lpse.sitarokab.go.id/eproc4;4.4u20210221;294;1;1;;4
404;LPSE Kabupaten Sidenreng Rappang;http://lpse.sidrapkab.go.id/eproc4;4.5u20220620;404;1;1;;4
111;LPSE Kabupaten Sidoarjo;https://lpse.sidoarjokab.go.id/eproc4;4.5u20220804;111;1;1;;4
437;LPSE Kabupaten Sigi;http://lpse.sigikab.go.id/eproc4;4.4u20220420;437;1;1;;4
615;LPSE Kabupaten Sijunjung;http://lpse.sijunjung.go.id/eproc4;4.5u20220721;615;1;1;;4
611;LPSE Kabupaten Sikka;http://lpse.sikkakab.go.id/eproc4;4.5u20220613;611;1;1;;4
494;LPSE Kabupaten Simalungun;http://lpse.simalungunkab.go.id/eproc4;4.5u20220705;494;1;1;;4
383;LPSE Kabupaten Simeulue;http://lpse.simeuluekab.go.id/eproc4;4.5u20220520;383;1;1;;4
265;LPSE Kabupaten Sinjai;http://lpse.sinjaikab.go.id/eproc4;4.5u20220708;265;1;1;;4
345;LPSE Kabupaten Sintang;https://lpse.sintang.go.id/eproc4;4.5u20220708;345;1;1;;4
246;LPSE Kabupaten Situbondo;http://lpse.situbondokab.go.id/eproc4;4.4u20220601;246;1;1;;4
54;LPSE Kabupaten Sleman;https://lpse.slemankab.go.id/eproc4;4.5u20220708;54;1;1;;4
608;LPSE Kabupaten Solok;http://lpse.solokkab.go.id/eproc4;4.5u20220708;608;1;1;;4
718;LPSE Kabupaten Solok Selatan;http://lpse.solselkab.go.id/eproc4;4.5u20220426;718;1;1;;4
521;LPSE Kabupaten Soppeng;http://lpse.soppeng.go.id/eproc4;4.5u20220708;521;1;1;;4
1041;LPSE Kabupaten Sorong;http://lpse.sorongkab.go.id/eproc4;4.5u20220310;747;1;1;;4
693;LPSE Kabupaten Sorong Selatan;http://lpse.sorongselatankab.go.id/eproc4;4.5u20220519;693;1;1;;4
228;LPSE Kabupaten Sragen;http://lpse.sragenkab.go.id/eproc4;4.4u20220601;228;1;1;;4
710;LPSE Kabupaten Subang;https://lpse.subang.go.id/eproc4;4.5u20220708;710;1;1;;4
609;LPSE Kabupaten Sukabumi;http://lpse.sukabumikab.go.id/eproc4;4.4u20220509;609;1;1;;4
414;LPSE Kabupaten Sukamara;https://lpse.sukamarakab.go.id/eproc4;4.5u20220804;414;1;1;;4
160;LPSE Kabupaten Sukoharjo;https://lpse.sukoharjokab.go.id/eproc4;4.5u20220801;160;1;1;;4
715;LPSE Kabupaten Sula;http://lpse.kepulauansulakab.go.id/eproc4;4.4u20220601;715;1;1;;4
457;LPSE Kabupaten Sumba Barat;http://lpse.sumbabaratkab.go.id/eproc4;4.4u20210618;457;1;1;;4
561;LPSE Kabupaten Sumba Barat Daya;http://lpse.sbdkab.go.id/eproc4;4.5u20220705;561;1;1;;4
562;LPSE Kabupaten Sumba Tengah;http://lpse.sumbatengahkab.net/eproc4;4.5u20220216;562;1;1;;4
612;LPSE Kabupaten Sumba Timur;http://lpse.sumbatimurkab.go.id/eproc4;4.4u20220601;612;1;1;;4
222;LPSE Kabupaten Sumbawa;http://lpse.sumbawakab.go.id/eproc4;4.5u20220708;222;1;1;;4
133;LPSE Kabupaten Sumbawa Barat;http://lpse.sumbawabaratkab.go.id/eproc4;4.4u20220601;133;1;1;;4
432;LPSE Kabupaten Sumedang;http://lpse.sumedangkab.go.id/eproc4;4.5u20220705;432;1;1;;4
248;LPSE Kabupaten Sumenep;http://lpse.sumenepkab.go.id/eproc4;4.5u20220715;248;1;1;;4
752;LPSE Kabupaten Supiori;https://lpse.supiorikab.go.id/eproc4;4.5u20220708;752;1;1;;4
59;LPSE Kabupaten Tabalong;http://lpse.tabalongkab.go.id/eproc4;4.5u20220801;59;1;1;;4
504;LPSE Kabupaten Tabanan;https://lpse.tabanankab.go.id/eproc4;4.5u20220708;504;1;1;;4
643;LPSE Kabupaten Takalar;http://lpse.takalarkab.go.id/eproc4;4.5u20220623;643;1;1;;4
665;LPSE Kabupaten Talaud;http://lpse.talaudkab.go.id/eproc4;4.5u20220705;665;1;1;;4
1043;LPSE Kabupaten Tambrauw;http://36.91.152.66/eproc4;4.4u20220525;584;1;1;;4
594;LPSE Kabupaten Tana Tidung;http://lpse.tanatidungkab.go.id/eproc4;4.5u20220715;594;1;1;;4
622;LPSE Kabupaten Tana Toraja;http://36.95.246.107/eproc4;4.5u20220708;622;0;1;;4
317;LPSE Kabupaten Tanah Bumbu;http://lpse.tanahbumbukab.go.id/eproc4;4.5u20220401;317;1;1;;4
157;LPSE Kabupaten Tanah Datar;http://lpse.tanahdatar.go.id/eproc4;4.4u20220601;157;1;1;;4
172;LPSE Kabupaten Tanah Laut;https://lpse.tanahlautkab.go.id/eproc4;4.5u20220721;172;1;1;;4
333;LPSE Kabupaten Tangerang;https://lpse.tangerangkab.go.id/eproc4;4.5u20220715;333;1;1;;4
476;LPSE Kabupaten Tanggamus;http://lpse.tanggamus.go.id/eproc4;4.5u20220719;476;1;1;;4
290;LPSE Kabupaten Tanjung Jabung Barat;http://lpse.tanjabbarkab.go.id/eproc4;4.4u20211231;290;1;1;;4
331;LPSE Kabupaten Tanjung Jabung Timur;http://lpse.tanjabtimkab.go.id/eproc4;4.5u20220705;331;1;1;;4
597;LPSE Kabupaten Tapanuli Selatan;https://lpse.tapselkab.go.id/eproc4;4.4u20220525;597;1;1;;4
652;LPSE Kabupaten Tapanuli Tengah;http://lpse.tapteng.go.id/eproc4;4.5u20220721;652;1;1;;4
277;LPSE Kabupaten Tapanuli Utara;http://lpse.taputkab.go.id/eproc4;4.5u20220705;277;1;1;;4
177;LPSE Kabupaten Tapin;http://lpse.tapinkab.go.id/eproc4;4.5u20220721;177;1;1;;4
332;LPSE Kabupaten Tasikmalaya;http://lpse.tasikmalayakab.go.id/eproc4;4.5u20220801;332;1;1;;4
326;LPSE Kabupaten Tebo;http://lpse.tebokab.go.id/eproc4;4.5u20220628;326;1;1;;4
287;LPSE Kabupaten Tegal;http://lpse.tegalkab.go.id/eproc4;4.4u20220420;287;1;1;;4
731;LPSE Kabupaten Teluk Bintuni;http://lpse.telukbintunikab.go.id/eproc4;4.5u20220414;731;1;1;;4
739;LPSE Kabupaten Teluk Wondama;http://103.60.180.250/eproc4;4.5u20220721;739;1;1;;4
138;LPSE Kabupaten Temanggung;http://lpse.temanggungkab.go.id/eproc4;4.5u20220520;138;1;1;;4
507;LPSE Kabupaten Timor Tengah Selatan;http://lpse.ttskab.go.id/eproc4;4.5u20220620;507;1;1;;4
681;LPSE Kabupaten Timor Tengah Utara;http://lpse.ttukab.go.id/eproc4;4.4u20220601;681;1;1;;4
558;LPSE Kabupaten Toba;http://lpse.tobakab.go.id/eproc4;4.5u20220705;558;1;1;;4
187;LPSE Kabupaten Tojo Una-una;http://lpse.tojounauna.go.id/eproc4;4.5u20220426;187;1;1;;4
1047;LPSE Kabupaten Tolikara;https://lpse.tolikarakab.go.id/eproc4;4.5u20220620;780;1;1;;4
511;LPSE Kabupaten Tolitoli;https://lpse.tolitolikab.go.id/eproc4;4.5u20220405;511;1;1;;4
640;LPSE Kabupaten Toraja Utara;http://lpse.torajautarakab.go.id/eproc4;4.5u20220721;640;0;1;;4
391;LPSE Kabupaten Trenggalek;http://lpse.trenggalekkab.go.id/eproc4;4.5u20220705;391;1;1;;4
415;LPSE Kabupaten Tuban;https://lpse.tubankab.go.id/eproc4;4.5u20220721;415;1;1;;4
394;LPSE Kabupaten Tulang Bawang;https://spse.lkpp.go.id/eproc4;4.5u20220721;802;1;1;;4
486;LPSE Kabupaten Tulang Bawang Barat;https://lpse.tulangbawangbaratkab.go.id/eproc4;4.5u20220705;486;1;1;;4
449;LPSE Kabupaten Tulungagung;http://lpse.tulungagung.go.id/eproc4;4.5u20220804;449;1;1;;4
335;LPSE Kabupaten Wajo;https://lpse-wajokab.go.id/eproc4;4.5u20220721;335;1;1;;4
448;LPSE Kabupaten Wakatobi;https://lpse.wakatobikab.go.id/eproc4;4.5u20220721;448;1;1;;4
629;LPSE Kabupaten Way Kanan;https://lpse.waykanankab.go.id/eproc4;4.5u20220705;629;1;1;;4
314;LPSE Kabupaten Wonogiri;https://lpse.wonogirikab.go.id/eproc4;4.5u20220721;314;1;1;;4
220;LPSE Kabupaten Wonosobo;http://lpse.wonosobokab.go.id/eproc4;4.4u20220525;220;1;1;;4
696;LPSE Kabupaten Yalimo;http://lpse.yalimokab.go.id/eproc4;4.3u20191009;696;1;0;;4
670;LPSE Kejaksaan Agung Republik Indonesia;http://lpse.kejaksaan.go.id/eproc4;4.4u20220509;670;1;1;;3
65;LPSE Kementerian Agraria dan Tata Ruang/BPN;https://lpse.atrbpn.go.id/eproc4;4.5u20220721;65;1;1;;1
243;LPSE Kementerian Desa, Pembangunan Daerah Tertinggal Dan Transmigrasi;http://lpse.kemendesa.go.id/eproc4;4.4u20211022;243;1;1;;1
47;LPSE Kementerian Kesehatan RI;https://lpse.kemkes.go.id/eproc4;4.5u20220804;47;1;1;;1
194;LPSE Kementerian Ketenagakerjaan;https://lpse.kemnaker.go.id/eproc4;4.4u20220601;194;1;1;;1
522;LPSE Kementerian Koordinator Bidang Politik, Hukum, dan Keamanan;https://lpse.polkam.go.id/eproc4;4.4u20220601;522;1;1;;1
740;LPSE Kementerian Pariwisata dan Ekonomi Kreatif;https://lpse.kemenparekraf.go.id/eproc4;4.5u20220721;386;1;1;;1
366;LPSE Kementerian Pendayagunaan Aparatur Negara dan Reformasi Birokrasi;https://lpse.menpan.go.id/eproc4;4.4u20220601;366;1;1;;1
273;LPSE Kementerian Riset dan Teknologi;https://lpse.ristekdikti.go.id/eproc4;4.5u20220216;273;1;1;;1
654;LPSE Kota Ambon;http://lpse.ambon.go.id/eproc4;4.5u20220721;654;1;1;;4
316;LPSE Kota Balikpapan;http://lpse.balikpapan.go.id/eproc4;4.4u20220601;316;1;1;;4
20;LPSE Kota Banda Aceh;https://lpse.bandaacehkota.go.id/eproc4;4.5u20220613;20;1;1;;4
193;LPSE Kota Bandar Lampung;https://lpse.bandarlampungkota.go.id/eproc4;4.5u20220414;193;1;1;;4
260;LPSE Kota Bandung;http://lpse.bandung.go.id/eproc4;4.5u20220801;260;1;1;;4
428;LPSE Kota Banjar;http://lpse.banjarkota.go.id/eproc4;4.5u20220708;428;1;1;;4
23;LPSE Kota Banjarbaru;https://lpse.banjarbarukota.go.id/eproc4;4.5u20220801;23;0;1;;4
24;LPSE Kota Banjarmasin;https://lpse.banjarmasinkota.go.id/eproc4;4.5u20220721;24;1;1;;4
26;LPSE Kota Batam;https://lpse.batam.go.id/eproc4;4.5u20220721;26;1;1;;4
201;LPSE Kota Batu;http://lpse.batukota.go.id/eproc4;4.5u20220620;201;1;1;;4
405;LPSE Kota Baubau;http://lpse.baubaukota.go.id/eproc4;4.5u20220525;405;1;1;;4
359;LPSE Kota Bekasi;http://lpse.bekasikota.go.id/eproc4;4.5u20220801;359;1;1;;4
278;LPSE Kota Bengkulu;http://lpse.bengkulukota.go.id/eproc4;4.5u20220801;278;1;1;;4
464;LPSE Kota Bima;https://lpse.bimakota.go.id/eproc4;4.5u20220801;464;0;1;;4
598;LPSE Kota Binjai;https://lpse.binjaikota.go.id/eproc4;4.5u20220721;598;0;1;;4
329;LPSE Kota Bitung;http://lpse.bitungkota.go.id/eproc4;4.4u20220601;329;1;1;;4
205;LPSE Kota Blitar;http://lpse.blitarkota.go.id/eproc4;4.5u20220708;205;1;1;;4
163;LPSE Kota Bogor;https://eproc.kotabogor.go.id/eproc4;4.5u20220801;163;1;1;;4
312;LPSE Kota Bontang;http://lpse.bontangkota.go.id/eproc4;4.5u20220721;312;1;1;;4
297;LPSE Kota Bukittinggi;http://lpse.bukittinggikota.go.id/eproc4;4.5u20220705;297;1;1;;4
318;LPSE Kota Cilegon;http://lpse.cilegon.go.id/eproc4;4.5u20220801;318;1;1;;4
299;LPSE Kota Cimahi;http://lpse.cimahikota.go.id/eproc4;4.5u20220513;299;1;1;;4
503;LPSE Kota Cirebon;https://lpse.jabarprov.go.id/eproc4;4.5u20220721;14;1;1;;4
17;LPSE Kota Denpasar;https://eproc.denpasarkota.go.id/eproc4;4.5u20220721;17;1;1;;4
34;LPSE Kota Depok;https://lpse.depok.go.id/eproc4;4.5u20220804;34;1;1;;4
313;LPSE Kota Dumai;https://lpse.dumaikota.go.id/eproc4;4.4u20220601;313;1;1;;4
685;LPSE Kota Gorontalo;https://lpse.gorontalokota.go.id/eproc4;4.4u20220222;685;1;1;;4
478;LPSE Kota Gunungsitoli;https://lpse.gunungsitolikota.go.id/eproc4;4.5u20220715;478;1;1;;4
259;LPSE Kota Jambi;http://lpse.jambikota.go.id/eproc4;4.5u20220721;259;1;1;;4
613;LPSE Kota Jayapura;http://lpse.jayapurakota.go.id/eproc4;4.5u20220708;613;0;1;;4
590;LPSE Kota Kediri;http://lpse.kedirikota.go.id/eproc4;4.5u20220420;590;1;1;;4
571;LPSE Kota Kendari;https://lpse.kendarikota.net/eproc4;4.4u20211231;571;1;1;;4
180;LPSE Kota Kotamobagu;https://lpse.kotamobagukota.go.id/eproc4;4.4u20210715;180;1;1;;4
439;LPSE Kota Kupang;http://lpse.kupangkota.go.id/eproc4;4.5u20220721;439;1;1;;4
370;LPSE Kota Langsa;http://lpse.langsakota.go.id/eproc4;4.5u20220801;370;1;1;;4
261;LPSE Kota Lhokseumawe;http://lpse.lhokseumawekota.go.id/eproc4;4.4u20220324;261;1;1;;4
195;LPSE Kota Lubuklinggau;http://lpse.lubuklinggaukota.go.id/eproc4;4.5u20220708;195;1;1;;4
164;LPSE Kota Madiun;https://lpse.madiunkota.go.id/eproc4;4.5u20220613;164;1;1;;4
279;LPSE Kota Magelang;https://lpse.magelangkota.go.id/eproc4;4.4u20220601;279;1;1;;4
234;LPSE Kota Makassar;https://lpse.makassar.go.id/eproc4;4.5u20220801;234;1;1;;4
192;LPSE Kota Malang;https://lpse.malangkota.go.id/eproc4;4.5u20220708;192;1;1;;4
349;LPSE Kota Manado;http://lpse.manadokota.go.id/eproc4;4.4u20220222;349;1;1;;4
396;LPSE Kota Mataram;https://lpse.mataramkota.go.id/eproc4;4.4u20220601;396;1;1;;4
308;LPSE Kota Medan;http://lpse.pemkomedan.go.id/eproc4;4.4u20220420;308;1;1;;4
150;LPSE Kota Metro;http://lpse.metrokota.go.id/eproc4;4.5u20220721;150;1;1;;4
324;LPSE Kota Mojokerto;https://lpse.mojokertokota.go.id/eproc4;4.5u20220715;324;1;1;;4
624;LPSE Kota Padang;http://lpse.padang.go.id/eproc4;4.5u20220520;624;1;1;;4
714;LPSE Kota Padang Panjang;http://lpse.padangpanjang.go.id/eproc4;4.5u20220721;714;1;1;;4
523;LPSE Kota Padang Sidempuan;http://103.131.61.187/eproc4;4.5u20220715;523;1;1;;4
142;LPSE Kota Pagar Alam;http://lpse.pagaralamkota.go.id/eproc4;4.5u20220801;142;1;1;;4
372;LPSE Kota Palangkaraya;https://lpse.palangkaraya.go.id/eproc4;4.5u20220801;372;1;1;;4
251;LPSE Kota Palembang;https://lpse.palembang.go.id/eproc4;4.5u20220801;251;1;1;;4
347;LPSE Kota Palopo;http://lpse.palopokota.go.id/eproc4;4.5u20220613;347;1;1;;4
214;LPSE Kota Palu;http://lpse.palukota.go.id/eproc4;4.5u20220426;214;1;1;;4
96;LPSE Kota Pangkal Pinang;https://lpse.pangkalpinangkota.go.id/eproc4;4.5u20220721;96;1;1;;4
235;LPSE Kota Parepare;http://lpse.pareparekota.go.id/eproc4;4.5u20220801;235;1;1;;4
663;LPSE Kota Pariaman;http://lpse.pariamankota.go.id/eproc4;4.5u20220721;663;1;1;;4
419;LPSE Kota Pasuruan;https://lpse.pasuruankota.go.id/eproc4;4.5u20220620;419;1;1;;4
50;LPSE Kota Payakumbuh;http://lpse.payakumbuhkota.go.id/eproc4;4.5u20220708;50;1;1;;4
91;LPSE Kota Pekalongan;http://lpse.pekalongankota.go.id/eproc4;4.5u20220804;91;1;1;;4
19;LPSE Kota Pekanbaru;https://lpse.pekanbaru.go.id/eproc4;4.5u20220721;19;1;1;;4
526;LPSE Kota Pematangsiantar;http://203.176.182.190/eproc4;4.5u20220801;526;1;1;;4
62;LPSE Kota Pontianak;https://lpse.pontianakkota.go.id/eproc4;4.5u20220715;62;1;1;;4
102;LPSE Kota Prabumulih;http://lpse.kotaprabumulih.go.id/eproc4;4.5u20220705;102;1;1;;4
410;LPSE Kota Probolinggo;https://lpse.probolinggokota.go.id/eproc4;4.5u20220705;410;1;1;;4
151;LPSE Kota Sabang;https://lpse.sabangkota.go.id/eproc4;4.5u20220520;151;1;1;;4
88;LPSE Kota Salatiga;https://lpse.salatiga.go.id/eproc4;4.5u20220705-CA;88;1;1;;4
596;LPSE Kota Samarinda;http://lpse.samarindakota.go.id/eproc4;4.5u20220715;596;1;1;;4
656;LPSE Kota Sawahlunto;http://lpse.sawahluntokota.go.id/eproc4;4.5u20220620;656;1;1;;4
108;LPSE Kota Semarang;http://lpse.semarangkota.go.id/eproc4;4.5u20220801;108;1;1;;4
493;LPSE Kota Serang;https://lpse.serangkota.go.id/eproc4;4.4u20220601;493;1;1;;4
708;LPSE Kota Sibolga;http://lpse.sibolgakota.go.id/eproc4;4.4u20220601;708;1;1;;4
132;LPSE Kota Singkawang;http://lpse.singkawangkota.go.id/eproc4;4.5u20220721;132;1;1;;4
385;LPSE Kota Solok;http://lpse.solokkota.go.id/eproc4;4.4u20220601;385;1;1;;4
730;LPSE Kota Sorong;http://103.152.37.126/eproc4;4.5u20220623;730;1;1;;4
550;LPSE Kota Subulussalam;http://lpse.subulussalamkota.go.id/eproc4;4.5u20220520;550;1;1;;4
1053;LPSE Kota Sukabumi;https://lpse.jabarprov.go.id/eproc4;4.5u20220721;14;1;1;;4
450;LPSE Kota Sungai Penuh;http://lpse.sungaipenuhkota.go.id/eproc4;4.5u20220513;450;1;1;;4
10;LPSE Kota Surabaya;https://lpse.surabaya.go.id/eproc4;4.5u20220801;10;1;1;;4
104;LPSE Kota Surakarta;https://lpse.surakarta.go.id/eproc4;4.5u20220705-CA;104;1;1;;4
66;LPSE Kota Tangerang;https://lpse.tangerangkota.go.id/eproc4;4.5u20220721;66;1;1;;4
225;LPSE Kota Tangerang Selatan;https://lpse.tangerangselatankota.go.id/eproc4;4.5u20220719;225;1;1;;4
388;LPSE Kota Tanjung Balai;http://lpse.tanjungbalaikota.go.id/eproc4;4.5u20220613;388;1;1;;4
673;LPSE Kota Tanjung Pinang;http://lpse.tanjungpinangkota.go.id/eproc4;4.5u20220801;673;1;1;;4
184;LPSE Kota Tarakan;http://lpse.tarakankota.go.id/eproc4;4.4u20220601;184;1;1;;4
440;LPSE Kota Tasikmalaya;http://lpse.tasikmalayakota.go.id/eproc4;4.5u20220801;440;1;1;;4
445;LPSE Kota Tebing Tinggi;https://lpse.tebingtinggikota.go.id/eproc4;4.5u20220715;445;1;1;;4
48;LPSE Kota Tegal;https://lpse.tegalkota.go.id/eproc4;4.4u20220601;48;1;1;;4
341;LPSE Kota Ternate;http://lpse.ternatekota.go.id/eproc4;4.5u20220708;341;1;1;;4
518;LPSE Kota Tidore Kepulauan;http://lpse.tidorekota.go.id/eproc4;4.5u20220715;518;1;1;;4
554;LPSE Kota Tomohon;http://lpse.tomohon.go.id/eproc4;4.5u20220708;554;1;1;;4
699;LPSE Kota Tual;http://lpse.tualkota.go.id/eproc4;4.4u20220601;699;1;1;;4
21;LPSE Kota Yogyakarta;http://lpse.jogjakota.go.id/eproc4;4.4u20211013;21;1;1;;4
119;LPSE Lembaga Kebijakan Pengadaan Barang/Jasa Pemerintah;https://lpse.lkpp.go.id/eproc4;4.5u20220804;119;0;1;;3
555;LPSE Mahkamah Agung Republik Indonesia;https://lpse.mahkamahagung.go.id/eproc4;4.5u20220708;555;1;1;;3
411;LPSE Mahkamah Syariyah Aceh;https://lpse.kemenag.go.id/eproc4;4.5u20220708;170;1;0;;3
701;LPSE PD Sarana Jaya;http://lpse.pasarjaya.co.id/eproc4;4.3u20190410;701;1;0;;6
743;LPSE PDAM Kota Makassar;http://lpse.pdam-makassar.com/eproc4;4.3u20191009;743;1;0;;6
1030;LPSE PDAM Makassar;http://lpse.pdam-makassar.com/eproc4;4.3u20191009;1030;0;0;;6
64;LPSE Kementerian Pekerjaan Umum dan Perumahan Rakyat;https://lpse.pu.go.id/eproc4;4.4u20220601;64;1;1;;1
557;LPSE Pelabuhan Indonesia 1 Medan;https://lpse.kemenkeu.go.id/eproc4;4.4u20220601;11;1;0;;6
568;LPSE Polda Aceh;http://lpse.aceh.polri.go.id/eproc4;4.4u20210924;568;1;1;;3
579;LPSE Polda Bali;http://lpse.bali.polri.go.id/eproc4;4.4u20210813;579;1;1;;3
527;LPSE Polda Banten;http://lpse.banten.polri.go.id/eproc4;4.4u20211222;527;1;1;;3
580;LPSE Polda Bengkulu;http://lpse.polri.go.id/eproc4;4.5u20220801;44;1;0;;3
530;LPSE Polda D.I. Yogyakarta;http://lpse.jogja.polri.go.id/eproc4;4.4u20220216;530;1;1;;3
531;LPSE Polda Gorontalo;http://lpse.gorontalo.polri.go.id/eproc4;4.5u20220719;531;1;1;;3
632;LPSE Polda Jambi;http://lpse.jambi.polri.go.id/eproc4;;632;1;1;;3
578;LPSE Polda Jawa Barat;http://lpse.jabar.polri.go.id/eproc4;4.5u20220414;578;1;1;;3
569;LPSE Polda Jawa Tengah;http://lpse.jateng.polri.go.id/eproc4;;569;1;1;;3
581;LPSE Polda Jawa Timur;http://lpse.jatim.polri.go.id/eproc4;;581;1;1;;3
533;LPSE Polda Kalimantan Barat;http://lpse.kalbar.polri.go.id/eproc4;;533;1;1;;3
572;LPSE Polda Kalimantan Selatan;http://lpse.kalsel.polri.go.id/eproc4;4.4u20220222;572;1;1;;3
534;LPSE Polda Kalimantan Tengah;http://lpse.kalteng.polri.go.id/eproc4;;534;1;1;;3
532;LPSE Polda Kalimantan Timur;http://lpse.kaltim.polri.go.id/eproc4;;532;1;1;;3
545;LPSE Polda Kep. Bangka Belitung;http://lpse.polri.go.id/eproc4;4.5u20220801;44;1;1;;3
536;LPSE Polda Kepulauan Riau;http://lpse.kepriprov.go.id/eproc4;;536;1;1;;3
591;LPSE Polda Lampung;http://lpse.lampung.polri.go.id/eproc4;4.5u20220509;591;1;1;;3
655;LPSE Polda Maluku;http://lpse.maluku.polri.go.id/eproc4;4.4u20220324;655;1;1;;3
574;LPSE Polda Maluku Utara;http://lpse.malut.polri.go.id/eproc4;;#N/A;1;1;;3
535;LPSE Polda NTB;http://lpse.ntb.polri.go.id/eproc4;;535;1;1;;3
573;LPSE Polda NTT;http://lpse.ntt.polri.go.id/eproc4;4.4u20211116;573;1;1;;3
636;LPSE Polda Papua;http://lpse.papua.polri.go.id/eproc4;4.5u20220708;636;1;1;;3
691;LPSE Polda Riau;http://lpse.riau.polri.go.id/eproc4;4.5u20220216;691;1;1;;3
544;LPSE Polda Sulawesi Selatan;http://lpse.sulsel.polri.go.id/eproc4;;#N/A;1;1;;3
542;LPSE Polda Sulawesi Tengah;http://lpse.sulteng.polri.go.id/eproc4;4.4u20211027;542;1;1;;3
541;LPSE Polda Sulawesi Utara;http://lpse.sulut.polri.go.id/eproc4;4.4u20210330;541;1;1;;3
662;LPSE Polda Sumatera Barat;https://lpse.sumbar.polri.go.id/eproc4;4.5u20220804;662;1;1;;3
543;LPSE Polda Sumatera Selatan;http://lpse.sumsel.polri.go.id/eproc4;4.5u20220721;543;1;1;;3
546;LPSE Polda Sumatera Utara;http://lpse.sumut.polri.go.id/eproc4;4.5u20220721;546;1;1;;3
389;LPSE Politeknik Negeri Bandung;http://lpse.polban.ac.id/eproc4;4.3u20191009;389;1;0;;5
520;LPSE Politeknik Negeri Jember;http://lpse.polije.ac.id/eproc4;;520;1;1;;5
46;LPSE Politeknik Negeri Lampung;http://lpse.polinela.ac.id/eproc4;4.3u20191009;46;1;0;;5
442;LPSE Politeknik Negeri Malang;http://lpse.polinema.ac.id/eproc4;;442;1;1;;5
659;LPSE Politeknik Negeri Manado;http://lpse.polimdo.ac.id/eproc4;4.5u20220216;659;1;1;;5
356;LPSE Politeknik Negeri Sriwijaya;http://lpse.polsri.ac.id/eproc4;4.3u20191009;356;1;0;;5
455;LPSE Politeknik Negeri Ujung Pandang;https://lpse.poliupg.ac.id/eproc4;;455;1;1;;5
635;LPSE Politeknik Pertanian Negeri Pangkep;http://lpse.polipangkep.ac.id/eproc4;4.3u20191009;635;1;0;;5
106;LPSE Provinsi Aceh;https://lpse.acehprov.go.id/eproc4;4.4u20220601;106;1;1;;4
33;LPSE Provinsi Bali;https://lpse.baliprov.go.id/eproc4;4.4u20220324;33;1;1;;4
99;LPSE Provinsi Banten;https://lpse.bantenprov.go.id/eproc4;4.5u20220801;99;1;1;;4
267;LPSE Provinsi Bengkulu;https://lpse.bengkuluprov.go.id/eproc4;4.5u20220715;267;1;1;;4
13;LPSE Provinsi Daerah Istimewa Yogyakarta;https://lpse.jogjaprov.go.id/eproc4;4.4u20220601;13;1;1;;4
18;LPSE Provinsi Gorontalo;https://lpse.gorontaloprov.go.id/eproc4;4.4u20220324;18;1;1;;4
70;LPSE Provinsi Jambi;https://lpse.jambiprov.go.id/eproc4;4.5u20220721;70;0;1;;4
14;LPSE Provinsi Jawa Barat;https://lpse.jabarprov.go.id/eproc4;4.5u20220721;14;1;1;;4
42;LPSE Provinsi Jawa Tengah;https://lpse.jatengprov.go.id/eproc4;4.5u20220708;42;0;1;;4
15;LPSE Provinsi Jawa Timur;https://lpse.jatimprov.go.id/eproc4;4.5u20220804;15;1;1;;4
97;LPSE Provinsi Kalimantan Barat;https://lpse.kalbarprov.go.id/eproc4;4.4u20220525;97;1;1;;4
181;LPSE Provinsi Kalimantan Selatan;https://lpse.kalselprov.go.id/eproc4;4.5u20220801;181;1;1;;4
12;LPSE Provinsi Kalimantan Tengah;https://lpse.kalteng.go.id/eproc4;4.5u20220721;12;1;1;;4
35;LPSE Provinsi Kalimantan Timur;https://lpse.kaltimprov.go.id/eproc4;4.4u20220601;35;1;1;;4
716;LPSE Provinsi Kalimantan Utara;https://lpse.kaltaraprov.go.id/eproc4;4.5u20220804;716;1;1;;4
86;LPSE Provinsi Kepulauan Bangka Belitung;https://lpse.babelprov.go.id/eproc4;4.5u20220721;86;1;1;;4
22;LPSE Provinsi Kepulauan Riau;https://lpse.kepriprov.go.id/eproc4;4.5u20220620;22;1;1;;4
121;LPSE Provinsi Lampung;https://lpse.lampungprov.go.id/eproc4;4.5u20220628;121;1;1;;4
288;LPSE Provinsi Maluku;https://lpse.malukuprov.go.id/eproc4;4.5u20220628;288;1;1;;4
361;LPSE Provinsi Maluku Utara;https://lpse.malutprov.go.id/eproc4;4.5u20220804;361;1;1;;4
37;LPSE Provinsi Nusa Tenggara Barat;https://lpse.ntbprov.go.id/eproc4;4.4u20220601;37;1;1;;4
131;LPSE Provinsi Nusa Tenggara Timur;http://lpse.nttprov.go.id/eproc4;4.5u20220719;131;1;1;;4
41;LPSE Provinsi Papua;http://lpse.papua.go.id/eproc4;4.4u20220601;41;1;1;;4
641;LPSE Provinsi Papua Barat;https://tender.papuabaratprov.go.id/eproc4;4.5u20220801;641;1;1;;4
39;LPSE Provinsi Riau;http://lpse.riau.go.id/eproc4;4.4u20220601;39;1;1;;4
263;LPSE Provinsi Sulawesi Barat;https://lpse.sulbarprov.go.id/eproc4;4.5u20220721;263;1;1;;4
36;LPSE Provinsi Sulawesi Selatan;https://lpse.sulselprov.go.id/eproc4;4.5u20220708;36;1;1;;4
154;LPSE Provinsi Sulawesi Tengah;http://lpse.sultengprov.go.id/eproc4;4.5u20220721;154;1;1;;4
81;LPSE Provinsi Sulawesi Tenggara;https://lpse.sultraprov.go.id/eproc4;4.5u20220708;81;1;1;;4
173;LPSE Provinsi Sulawesi Utara;http://lpse.sulutprov.go.id/eproc4;4.5u20220721;173;1;1;;4
16;LPSE Provinsi Sumatera Barat;http://103.22.250.210/eproc4;4.5u20220715;16;1;1;;4
103;LPSE Provinsi Sumatera Selatan;http://lpse.sumselprov.go.id/eproc4;4.4u20220601;103;1;1;;4
27;LPSE Provinsi Sumatera Utara;https://lpse.sumutprov.go.id/eproc4;4.5u20220721;27;1;1;;4
709;LPSE Radio Republik Indonesia;https://lpse.kemenkeu.go.id/eproc4;4.4u20220601;11;1;0;;6
171;LPSE RS Wahidin Sudirohusodo;https://lpse.kemkes.go.id/eproc4;4.5u20220804;47;1;0;;6
215;LPSE RSJ Dr Radjiman Wediodiningrat;http://lpse.depkes.go.id/eproc4;;215;1;0;;6
229;LPSE Sekolah Tinggi Agama Islam Negeri Jember;http://lpse.iain-jember.ac.id/eproc4;4.3u20191009;229;1;0;;5
467;LPSE Sekolah Tinggi Pariwisata Nusa Dua Bali;https://lpse.kemenparekraf.go.id/eproc4;4.5u20220721;386;1;0;;5
528;LPSE Sekretariat Jenderal Dewan Ketahanan Nasional;https://lpse.dkn.go.id/eproc4;;528;1;0;;3
556;LPSE Sekretariat Jenderal Dewan Perwakilan Daerah Republik Indonesia;https://lpse.dpd.go.id/eproc4;4.4u20220601;556;1;1;;3
397;LPSE STAIN Parepare;https://lpse.kemenag.go.id/eproc4;4.5u20220708;170;1;0;;5
465;LPSE UIN Raden Fatah Palembang;https://lpse.radenfatah.ac.id/eproc4;;465;1;1;;5
262;LPSE Universitas Airlangga;https://lpse.unair.ac.id/eproc4;4.5u20220426;262;1;1;;5
302;LPSE Universitas Andalas;http://lpse.unand.ac.id/eproc4;4.5u20220705;302;1;1;;5
240;LPSE Universitas Bandar Lampung;http://lpse.unila.ac.id/eproc4;;240;1;0;;5
185;LPSE Universitas Bengkulu;http://lpse.unib.ac.id/eproc4;4.3u20191009;185;1;0;;5
128;LPSE Universitas Brawijaya;http://lpse.ub.ac.id/eproc4;4.4u20210516;128;1;1;;5
29;LPSE Universitas Diponegoro;http://lpse.undip.ac.id/eproc4;4.4u20220509;29;1;1;;5
303;LPSE Universitas Gadjah Mada;https://lpse.ugm.ac.id/eproc4;;303;1;1;;5
402;LPSE Universitas Haluoleo;http://lpse.uho.ac.id/eproc4;4.3u20191009;402;1;0;;5
174;LPSE Universitas Hasanudin;http://lpse.unhas.ac.id/eproc4;4.3u20191009;174;1;0;;5
190;LPSE Universitas Indonesia;https://lpse.ui.ac.id/eproc4;4.4u20220601;190;1;1;;5
416;LPSE Universitas Islam Negeri Alauddin Makasar;https://lpse.kemenag.go.id/eproc4;4.5u20220708;170;1;0;;5
408;LPSE Universitas Jambi;http://lpse.unja.ac.id/eproc4;;408;1;0;;5
241;LPSE Universitas Jember;http://lpse.unej.ac.id/eproc4;4.3u20191009;241;1;0;;5
227;LPSE Universitas Jenderal Soedirman;https://lpse.unsoed.ac.id/eproc4;;227;1;1;;5
560;LPSE Universitas Lambung Mangkurat;https://lpse.ulm.ac.id/eproc4;4.3u20190828;560;1;0;;5
490;LPSE Universitas Lampung;http://lpse.unila.ac.id/eproc4;;490;1;0;;5
480;LPSE Universitas Malikussaleh;http://lpse.unimal.ac.id/eproc4;;480;1;0;;5
690;LPSE Universitas Mataram;http://lpse.unram.ac.id/eproc4;4.3u20191009;690;1;0;;5
169;LPSE Universitas Mulawarman;http://lpse.unmul.ac.id/eproc4;4.5u20220216;169;1;1;;5
429;LPSE Universitas Negeri Gorontalo;http://lpse.ung.ac.id/eproc4;;429;1;0;;5
30;LPSE Universitas Negeri Makassar;http://lpse.unm.ac.id/eproc4;4.5u20220113;30;1;1;;5
363;LPSE Universitas Negeri Malang;http://lpse.um.ac.id/eproc4;4.3u20191009;363;1;0;;5
387;LPSE Universitas Negeri Manado;http://lpse.unima.ac.id/eproc4;;387;1;1;;5
38;LPSE Universitas Negeri Medan;http://lpse.unimed.ac.id/eproc4;4.3u20191009;38;1;0;;5
293;LPSE Universitas Negeri Padang;http://lpse.unp.ac.id/eproc4;4.5u20220216;293;1;0;;5
637;LPSE Universitas Negeri Sebelas Maret;http://lpse.uns.ac.id/eproc4;4.4u20211004;637;1;1;;5
216;LPSE Universitas Negeri Semarang;http://lpse.unnes.ac.id/eproc4;;216;1;0;;5
162;LPSE Universitas Negeri Surabaya;http://lpse.unesa.ac.id/eproc4;;162;1;0;;5
512;LPSE Universitas Palangka Raya;http://lpse.upr.ac.id/eproc4;;512;1;1;;5
499;LPSE Universitas Riau;https://lpse.unri.ac.id/eproc4;;499;1;1;;5
584;LPSE Universitas Sam Ratulangi;http://36.91.152.66/eproc4;4.4u20220525;584;1;1;;5
221;LPSE Universitas Sriwijaya;https://lpse.unsri.ac.id/eproc4;;221;1;1;;5
272;LPSE Universitas Sumatera Utara;https://lpse.usu.ac.id/eproc4;4.5u20220414;272;1;1;;5
468;LPSE Universitas Syiah Kuala Banda Aceh;https://lpse.unsyiah.ac.id/eproc4;;468;1;1;;5
213;LPSE Universitas Tadulako;http://lpse.untad.ac.id/eproc4;4.4u20220525;213;1;1;;5
224;LPSE Universitas Tanjung Pura;http://lpse.untan.ac.id/eproc4;4.4u20210715;224;1;1;;5
705;LPSE Universitas Teuku Umar;http://lpse.utu.ac.id/eproc4;4.5u20220216;705;1;1;;5
446;LPSE Universitas Udayana;http://lpse.unud.ac.id/eproc4;4.3u20191009;446;1;0;;5
1050;SPSE Nasional;https://spse.lkpp.go.id/eproc4;4.5u20220721;802;1;1;;3
399;LPSE Badan Informasi Geospasial;https://lpse.big.go.id/eproc4;4.5u20220609;399;1;1;3100;2
424;LPSE Badan Intelijen Negara;http://lpse.bin.go.id/eproc4;4.4u20220222;424;1;1;3100;2
746;LPSE Badan Kepegawaian Negara;https://lpse.bkn.go.id/eproc4;4.5u20220708;746;1;1;3100;2
384;LPSE Badan Koordinasi Penanaman Modal;https://lpse.bkpm.go.id/eproc4;4.5u20220525;384;1;1;3100;2
346;LPSE Badan Narkotika Nasional;https://lpse.bnn.go.id/eproc4;4.5u20220407;346;1;1;3100;2
382;LPSE Badan Nasional Penanggulangan Bencana;http://lpse.bnpb.go.id/eproc4;4.5u20220705;382;1;1;3100;2
547;LPSE Badan Nasional Penanggulangan Terorisme;http://lpse.bnpt.go.id/eproc4;4.5u20220525;547;1;1;3100;2
657;LPSE Badan Nasional Pengelola Perbatasan;http://lpse.bnpp.go.id/eproc4;4.3u20191009;657;1;0;3100;2
191;LPSE Badan Pengawas Obat dan Makanan;https://lpse.pom.go.id/eproc4;4.5u20220620;191;1;1;3100;2
69;LPSE Badan Pengkajian dan Penerapan Teknologi;http://lpse.bppt.go.id/eproc4;4.3u20191009;69;1;0;3100;2
538;LPSE Badan Pengusaha Batam;https://lpse.bpbatam.go.id/eproc4;4.5u20220801;538;1;1;3100;2
275;LPSE Badan Pusat Statistik;https://lpse.bps.go.id/eproc4;4.5u20220801;275;1;1;3100;2
87;LPSE Dewan Perwakilan Rakyat Republik Indonesia;https://lpse.dpr.go.id/eproc4;4.5u20220715;87;1;1;3100;3
170;LPSE Kementerian Agama;https://lpse.kemenag.go.id/eproc4;4.5u20220708;170;1;1;3100;1
105;LPSE Kementerian Dalam Negeri;https://lpse.kemendagri.go.id/eproc4;4.5u20220801;105;1;1;3100;1
109;LPSE Kementerian Energi dan Sumber Daya Mineral;https://eproc.esdm.go.id/eproc4;4.5u20220628;109;1;1;3100;1
252;LPSE Kementerian Hukum dan HAM RI;https://lpse.kemenkumham.go.id/eproc4;4.5u20220801;252;1;1;3100;1
218;LPSE Kementerian Kelautan dan Perikanan;http://lpse.kkp.go.id/eproc4;4.5u20220801;218;1;1;3100;1
11;LPSE Kementerian Keuangan;https://lpse.kemenkeu.go.id/eproc4;4.4u20220601;11;1;1;3100;1
683;LPSE Kementerian Komunikasi dan Informatika;https://lpse.kominfo.go.id/eproc4;4.5u20220721;683;1;1;3100;1
371;LPSE Kementerian Koperasi dan UKM;https://lpse.kemenkopukm.go.id/eproc4;4.5u20220613;371;1;1;3100;1
291;LPSE Kementerian Lingkungan Hidup dan Kehutanan;http://lpse.menlhk.go.id/eproc4;4.4u20220310;291;1;1;3100;1
136;LPSE Kementerian Luar Negeri;https://lpse.kemlu.go.id/eproc4;4.5u20220513;136;1;1;3100;1
519;LPSE Kementerian Pemuda dan Olahraga;https://lpse.kemenpora.go.id/eproc4;4.5u20220613;519;1;1;3100;1
25;LPSE Kementerian Pendidikan dan Kebudayaan;https://lpse.kemdikbud.go.id/eproc4;4.5u20220801;25;1;1;3100;1
276;LPSE Kementerian Perdagangan RI;https://lpse.kemendag.go.id/eproc4;4.5u20220804;276;1;1;3100;1
114;LPSE Kementerian Perhubungan;https://lpse.dephub.go.id/eproc4;4.5u20220801;114;1;1;3100;1
126;LPSE Kementerian Perindustrian;https://lpse.kemenperin.go.id/eproc4;4.5u20220721;126;1;1;3100;1
482;LPSE Kementerian Pertahanan Republik Indonesia;http://lpse.kemhan.go.id/eproc4;4.5u20220721;482;1;1;3100;1
212;LPSE Kementerian Pertanian;https://lpse.pertanian.go.id/eproc4;4.4u20220601;212;1;1;3100;1
323;LPSE Kementerian Sosial;https://lpse.kemenkeu.go.id/eproc4;4.4u20220601;11;1;0;3100;1
44;LPSE Kepolisian Republik Indonesia;http://lpse.polri.go.id/eproc4;4.5u20220801;44;1;1;3100;3
724;LPSE Komisi Pemilihan Umum;https://lpse.kpu.go.id/eproc4;4.5u20220613;724;1;1;3100;3
362;LPSE Lembaga Ilmu Pengetahuan Indonesia;http://lpse.lipi.go.id/eproc4;4.4u20210827;362;1;1;3100;3
649;LPSE Lembaga Ketahanan Nasional;http://lpse.lemhannas.go.id/eproc4;4.5u20220509;649;1;1;3100;3
653;LPSE Lembaga Penerbangan dan Antariksa Nasional;https://lpse.lapan.go.id/eproc4;4.5u20220216;653;1;1;3100;3
95;LPSE Mahkamah Konstitusi;http://lpse.mahkamahkonstitusi.go.id/eproc4;4.5u20220602;95;1;1;3100;3
210;LPSE Majelis Permusyawaratan Rakyat Republik Indonesia;http://lpse.mpr.go.id/eproc4;4.4u20210428;210;1;1;3100;3
704;LPSE PD Pasar Jaya;http://lpse.pasarjaya.co.id/eproc4;4.3u20190410;704;1;0;3100;6
686;LPSE PDAM Kota Malang;http://spse.pdamkotamalang.com/eproc4;4.5u20220216;686;1;0;;6
700;LPSE Perum Lembaga Penyelenggara Pelayanan Navigasi Penerbangan Indonesia;https://eproc.airnavindonesia.co.id/eproc4;4.5u20220216;700;1;0;3100;6
576;LPSE Polda Metro Jaya;http://lpse.metro.polri.go.id/eproc4;4.5u20220715;576;1;1;3100;3
368;LPSE Politeknik Negeri Jakarta;http://lpse.pnj.ac.id/eproc4;;368;1;0;3100;5
616;LPSE PT Angkasa Pura II (Persero);https://lpse.kemenkeu.go.id/eproc4;4.4u20220601;11;1;0;3100;6
236;LPSE Televisi Republik Indonesia;http://lpse.tvri.co.id/eproc4;4.5u20220513;236;1;1;3100;6
603;LPSE Tentara Nasional Indonesia;http://lpse.mabestni.mil.id/eproc4;4.4u20220601;603;1;1;3100;3
638;LPSE TNI Angkatan Darat;https://lpse.tniad.org/eproc4;4.5u20220708;638;1;1;3100;3
588;LPSE TNI Angkatan Laut;http://lpse.tnial.mil.id/eproc4;;588;1;1;3100;3
605;LPSE TNI Angkatan Udara;http://110.138.137.229/eproc4;;605;1;1;3100;3
750;LPSE Universitas Terbuka;http://lpse.ut.ac.id/eproc4;;#N/A;1;1;3100;5
127;LPSE Provinsi Daerah Khusus Ibukota Jakarta;https://lpse.jakarta.go.id/eproc4;4.4u20220601;127;1;1;3100;4
28;LPSE PT Kawasan Berikat Nusantara;http://eproc.kbn.co.id/eproc4;4.5u20220216;28;1;0;3100;6
92;LPSE PT Pelayaran Nasional Indonesia;https://lpse.pelni.co.id/eproc4;4.3u20191009;92;1;0;3100;6
100;LPSE PT Perusahaan Listrik Negara;https://lpse.kemenkeu.go.id/eproc4;4.4u20220601;11;1;0;3100;6
